ID,KAST,IMPACT,RATING,Total kills,Headshot %,Total deaths,K/D Ratio,Damage / Round,Grenade dmg / Round,Maps   played,Rounds played,Kills / round,Assists / round,Deaths / round,Saved by teammate / round,Saved teammates / round
ZywOo,74.9%,1.45,1.32,22622,41.2%,16458,1.37,88.0,3.6,1020,26803,0.84,0.12,0.61,0.1,0.12
XigN,73.3%,1.23,1.15,14568,52.4%,12129,1.2,82.8,2.8,717,18574,0.78,0.13,0.65,0.09,0.1
BnTeT,74.5%,1.15,1.15,20591,39.8%,16796,1.23,83.0,5.1,1033,26924,0.76,0.14,0.62,0.1,0.12
blameF,74.0%,1.22,1.22,17952,39.2%,14234,1.26,85.6,7.1,879,23494,0.76,0.14,0.61,0.07,0.09
NiKo,71.1%,1.31,1.15,34634,50.4%,29087,1.19,86.0,4.4,1637,43526,0.8,0.13,0.67,0.08,0.1
DANK1NG,73.5%,1.24,1.2,8149,39.7%,6556,1.24,79.8,2.3,391,10366,0.79,0.1,0.63,0.09,0.1
device,71.2%,1.28,1.16,36293,35.0%,29085,1.25,80.3,4.3,1793,46666,0.78,0.13,0.62,0.07,0.08
torzsi,71.2%,1.22,1.18,9852,29.1%,7846,1.26,78.1,2.5,475,12699,0.78,0.09,0.62,0.08,0.11
SENSEi,73.5%,1.19,1.21,9069,31.3%,6762,1.34,76.1,2.7,459,12131,0.75,0.09,0.56,0.07,0.09
XANTARES,72.3%,1.34,1.17,37879,53.3%,31623,1.2,89.1,4.6,1772,46706,0.81,0.15,0.68,0.1,0.1
sterling,73.2%,1.19,1.2,17009,31.5%,13056,1.3,78.1,4.0,858,21953,0.77,0.1,0.59,0.08,0.11
smooya,71.5%,1.27,1.2,18466,27.8%,14617,1.26,79.3,2.5,888,23515,0.79,0.1,0.62,0.08,0.1
degster,72.6%,1.25,1.21,14351,34.7%,10988,1.31,79.3,2.9,686,18284,0.78,0.09,0.6,0.07,0.1
Kaze,73.7%,1.24,1.19,17675,30.3%,13384,1.32,80.1,2.9,864,22588,0.78,0.11,0.59,0.08,0.1
saffee,73.4%,1.24,1.22,8482,30.9%,6517,1.3,80.2,3.0,404,10701,0.79,0.1,0.61,0.08,0.1
deko,74.4%,1.21,1.23,8738,36.7%,6397,1.37,80.4,3.4,404,10913,0.8,0.1,0.59,0.09,0.11
OCEAN,64.3%,0.72,0.77,5530,44.3%,7492,0.74,59.7,3.6,410,10602,0.52,0.12,0.71,0.09,0.08
RuFire,63.3%,0.81,0.84,5579,47.9%,7506,0.74,66.5,4.7,384,10185,0.55,0.14,0.74,0.09,0.06
netrick,66.3%,0.85,0.82,6753,48.2%,8489,0.8,66.8,6.6,455,11976,0.56,0.14,0.71,0.11,0.09
HUNDEN,66.8%,0.8,0.81,22470,48.7%,28708,0.78,64.4,4.5,1578,41153,0.55,0.14,0.7,0.11,0.09
B1ad3,64.6%,0.84,0.83,13472,41.9%,16880,0.8,66.5,2.6,899,23232,0.58,0.16,0.73,0.1,0.07
PASHANOJ,64.6%,0.91,0.9,9177,53.5%,11434,0.8,68.2,4.0,601,15722,0.58,0.13,0.73,0.1,0.07
Slemmy,67.7%,0.78,0.85,6638,49.6%,7951,0.83,63.7,3.2,445,11663,0.57,0.12,0.68,0.11,0.09
gob b,68.3%,0.84,0.85,14445,48.5%,17256,0.84,66.6,6.0,975,25707,0.56,0.13,0.67,0.1,0.08
Twista,67.3%,0.82,0.85,5863,35.9%,7012,0.84,67.4,5.1,380,9970,0.59,0.16,0.7,0.09,0.09
Devilwalk,66.8%,0.91,0.86,6122,51.3%,7223,0.85,69.8,3.9,400,10494,0.58,0.16,0.69,0.12,0.08
djL,69.2%,0.8,0.91,10263,47.3%,11998,0.86,63.0,3.0,688,18180,0.56,0.12,0.66,0.1,0.08
def,69.0%,0.85,0.86,9243,41.8%,10836,0.85,67.4,3.4,605,15797,0.59,0.14,0.69,0.11,0.08
HooXi,66.7%,0.87,0.87,12343,49.7%,14549,0.85,68.0,5.9,798,21225,0.58,0.13,0.69,0.09,0.08
nawrot,66.5%,0.91,0.92,9764,47.1%,11501,0.85,66.1,4.0,603,16182,0.6,0.12,0.71,0.1,0.09
advent,71.4%,0.76,0.87,15800,49.9%,17998,0.88,62.1,4.4,1101,28312,0.56,0.13,0.64,0.11,0.1
birdfromsky,69.8%,0.98,0.99,13060,41.6%,15183,0.86,72.5,7.7,812,21860,0.6,0.17,0.69,0.14,0.09
BERRY,65.4%,0.98,0.87,12987,38.0%,15332,0.85,71.7,5.8,802,20987,0.62,0.15,0.73,0.1,0.08
flowsicK,67.4%,0.97,0.87,6257,47.4%,7304,0.86,73.6,3.7,395,10074,0.62,0.15,0.73,0.11,0.08
daps,69.6%,0.83,0.88,16274,40.2%,18638,0.87,66.8,4.4,1075,28101,0.58,0.14,0.66,0.1,0.07
seang@res,68.0%,0.87,0.88,10904,40.2%,12533,0.87,67.4,4.8,713,18391,0.59,0.14,0.68,0.11,0.08
torben,68.6%,0.84,0.93,8176,49.5%,9372,0.87,66.2,3.7,532,13939,0.59,0.12,0.67,0.1,0.09
LeX,66.4%,0.92,0.88,7418,44.7%,8680,0.85,71.1,4.0,462,11931,0.62,0.14,0.73,0.1,0.08
ScrunK,66.4%,0.94,0.88,14920,46.5%,17436,0.86,71.2,6.9,921,24460,0.61,0.14,0.71,0.1,0.08
Lambert,67.7%,0.84,0.88,11962,37.1%,13543,0.88,63.4,3.6,775,20411,0.59,0.11,0.66,0.09,0.08
Polen,68.0%,0.93,0.89,7017,53.3%,7995,0.88,69.8,4.3,435,11470,0.61,0.14,0.7,0.1,0.08
pronax,65.9%,0.86,0.89,18722,45.8%,20989,0.89,64.7,4.0,1199,31403,0.6,0.14,0.67,0.09,0.08
MAiNLiNE,67.0%,1.0,0.89,6904,51.7%,7968,0.87,69.1,2.4,437,11092,0.62,0.14,0.72,0.11,0.09
JiNKZ,69.9%,0.94,0.97,8657,53.5%,9850,0.88,69.7,3.8,542,14411,0.6,0.15,0.68,0.11,0.09
Adam9130,66.9%,1.03,0.97,7844,40.1%,9033,0.87,73.0,5.6,465,12528,0.63,0.15,0.72,0.1,0.08
Psycho,68.5%,0.88,0.96,8241,52.2%,9303,0.89,70.3,6.5,509,13561,0.61,0.14,0.69,0.1,0.09
spiker,65.6%,0.96,0.89,6837,42.7%,7811,0.88,71.5,2.6,415,10974,0.62,0.14,0.71,0.08,0.08
FNS,68.9%,0.85,0.89,15287,45.9%,17081,0.89,68.0,4.1,953,25080,0.61,0.14,0.68,0.1,0.08
lunAtic,68.2%,0.89,0.9,14808,38.8%,16557,0.89,67.9,5.4,895,24330,0.61,0.12,0.68,0.1,0.09
Golden,67.2%,0.92,0.94,14225,53.5%,16231,0.88,69.2,5.4,872,23212,0.61,0.14,0.7,0.1,0.09
hooch,66.1%,0.9,0.9,14410,41.8%,16212,0.89,70.9,4.4,894,23450,0.61,0.14,0.69,0.08,0.07
nkl,70.6%,0.87,0.9,9990,42.9%,11036,0.91,68.3,3.3,642,16554,0.6,0.15,0.67,0.1,0.07
sycrone,69.4%,0.86,0.9,8771,41.1%,9749,0.9,70.4,4.3,553,14608,0.6,0.15,0.67,0.1,0.09
ben1337,69.3%,0.91,0.97,14915,46.7%,16715,0.89,69.4,5.1,933,24344,0.61,0.14,0.69,0.11,0.09
balblna,68.6%,0.89,0.9,9791,49.8%,11024,0.89,70.4,5.1,611,16017,0.61,0.15,0.69,0.11,0.1
crush,67.1%,0.91,0.9,11789,52.5%,13256,0.89,69.8,4.9,729,19205,0.61,0.13,0.69,0.09,0.07
MiGHTYMAX,69.5%,0.87,0.9,18352,49.2%,20377,0.9,66.5,5.3,1174,31108,0.59,0.13,0.66,0.1,0.09
kRYSTAL,67.9%,0.88,0.9,29499,36.7%,32932,0.9,67.3,5.4,1864,48739,0.61,0.15,0.68,0.1,0.08
coolio,69.6%,0.8,0.94,5994,53.9%,6599,0.91,65.0,3.9,379,10205,0.59,0.11,0.65,0.1,0.1
BONA,67.4%,0.93,0.91,7931,52.1%,8874,0.89,69.9,4.5,476,12674,0.63,0.13,0.7,0.1,0.1
sAw,69.2%,0.87,0.9,20522,47.9%,22630,0.91,69.3,6.1,1267,33681,0.61,0.16,0.67,0.11,0.09
wayLander,65.3%,0.95,0.91,13258,51.8%,14973,0.89,70.8,3.2,794,20857,0.64,0.13,0.72,0.08,0.07
Shara,66.3%,0.98,0.91,6329,51.8%,7071,0.9,74.4,2.6,383,9929,0.64,0.14,0.71,0.08,0.07
roman,68.3%,0.89,0.91,6787,55.0%,7451,0.91,69.6,3.0,414,10880,0.62,0.14,0.68,0.11,0.1
LEGIJA,66.6%,0.93,0.91,14245,49.8%,15916,0.9,69.5,4.6,869,22614,0.63,0.14,0.7,0.09,0.08
xartE,69.0%,0.89,0.91,18341,37.1%,19976,0.92,69.8,6.3,1151,30254,0.61,0.15,0.66,0.09,0.09
Dav,68.8%,0.95,0.91,7539,40.7%,8361,0.9,71.2,4.7,468,12095,0.62,0.15,0.69,0.11,0.11
karrigan,66.9%,0.92,0.91,33080,43.0%,36685,0.9,68.8,5.0,2024,53070,0.62,0.13,0.69,0.09,0.07
svyat,69.3%,0.9,0.98,11975,51.9%,13035,0.92,69.7,4.7,734,19717,0.61,0.14,0.66,0.09,0.09
pietola,68.8%,0.89,0.91,6256,47.1%,6848,0.91,69.4,5.0,383,10178,0.61,0.13,0.67,0.09,0.1
BTN,67.9%,0.96,0.92,17984,53.8%,19997,0.9,73.2,5.3,1069,28053,0.64,0.15,0.71,0.11,0.09
ncl,69.1%,0.89,0.92,8397,49.2%,9077,0.93,68.7,3.8,528,13559,0.62,0.14,0.67,0.11,0.09
arya,66.2%,1.05,0.92,7277,34.9%,8145,0.89,72.6,3.5,440,11291,0.64,0.14,0.72,0.11,0.09
nak,69.8%,0.88,0.92,8158,44.5%,8829,0.92,70.8,4.5,514,13305,0.61,0.15,0.66,0.1,0.09
akez,68.2%,0.91,0.92,8403,55.0%,9335,0.9,71.1,3.4,492,13290,0.63,0.13,0.7,0.11,0.1
Zeus,68.5%,0.88,0.92,23470,43.5%,25460,0.92,69.9,5.5,1405,37152,0.63,0.17,0.69,0.11,0.08
Luz,68.5%,0.94,0.92,10767,48.2%,11739,0.92,72.5,3.2,651,17086,0.63,0.14,0.69,0.1,0.09
SANJI,68.8%,0.9,0.97,12151,62.2%,13149,0.92,68.8,3.9,743,19879,0.61,0.12,0.66,0.1,0.08
MSL,67.1%,1.05,0.92,28946,39.9%,32199,0.9,70.8,3.8,1718,44890,0.64,0.15,0.72,0.11,0.08
arki,69.1%,0.93,0.92,14525,52.5%,15799,0.92,70.5,5.6,889,23396,0.62,0.15,0.68,0.1,0.08
pNshr,69.8%,0.91,0.92,9802,43.2%,10611,0.92,71.1,3.1,595,15532,0.63,0.15,0.68,0.1,0.09
sorrow,66.6%,0.94,0.96,6548,55.3%,7207,0.91,70.7,3.6,382,10245,0.64,0.11,0.7,0.1,0.08
Xp3,67.3%,0.97,0.92,8326,39.7%,9118,0.91,70.5,3.4,502,13113,0.63,0.13,0.7,0.09,0.08
hitMouse,68.9%,0.91,0.92,8785,49.0%,9410,0.93,71.2,4.5,538,14028,0.63,0.13,0.67,0.09,0.09
TACO,69.5%,0.9,0.92,22360,50.1%,23790,0.94,67.3,4.4,1418,36877,0.61,0.12,0.65,0.09,0.07
S0tF1k,68.6%,0.96,0.92,21364,49.2%,23267,0.92,71.5,5.4,1289,33952,0.63,0.14,0.69,0.1,0.09
aVN,69.2%,0.91,0.92,9391,52.9%,10093,0.93,69.3,2.6,556,14787,0.64,0.12,0.68,0.11,0.11
quix,66.1%,1.02,0.93,16575,47.2%,18370,0.9,74.8,5.5,936,24805,0.67,0.14,0.74,0.09,0.08
SkulL,67.2%,1.08,1.01,10297,42.5%,11362,0.91,75.9,5.5,598,15642,0.66,0.15,0.73,0.11,0.1
kiR,66.7%,0.99,0.98,10194,61.5%,11154,0.91,71.4,4.4,584,15772,0.65,0.11,0.71,0.1,0.1
mynio,67.3%,1.04,0.93,13340,44.5%,14565,0.92,77.1,6.9,768,20598,0.65,0.16,0.71,0.09,0.08
ztr,66.9%,0.96,0.97,6980,50.7%,7560,0.92,71.5,4.7,406,10879,0.64,0.12,0.69,0.1,0.1
matty,68.7%,1.01,0.93,9201,40.6%,9897,0.93,76.2,6.0,536,14203,0.65,0.17,0.7,0.1,0.11
crisby,67.7%,0.98,0.93,20610,54.4%,22423,0.92,71.5,3.4,1209,31542,0.65,0.13,0.71,0.11,0.1
hutji,67.6%,0.96,0.93,7719,48.4%,8383,0.92,72.0,4.0,453,12010,0.64,0.14,0.7,0.1,0.1
Duplicate,70.1%,0.95,1.0,13680,51.4%,14720,0.93,72.4,6.5,811,21661,0.63,0.14,0.68,0.11,0.1
emi,71.0%,0.98,0.93,17861,52.3%,19098,0.94,72.3,5.6,1073,27920,0.64,0.15,0.68,0.12,0.1
tutehen,69.8%,0.91,0.93,7365,46.1%,7787,0.95,70.9,4.4,450,11640,0.63,0.14,0.67,0.11,0.11
DANZ,65.8%,0.94,0.93,6730,42.6%,7350,0.92,72.0,2.3,391,10173,0.66,0.13,0.72,0.09,0.1
Polly,66.0%,0.88,0.93,7613,41.2%,8203,0.93,63.5,3.0,457,11874,0.64,0.12,0.69,0.09,0.07
Sidney,69.7%,0.92,0.99,8031,50.1%,8499,0.94,70.8,7.0,481,13023,0.62,0.14,0.65,0.1,0.09
repo,67.5%,0.93,0.94,8647,46.6%,9304,0.93,69.4,3.8,505,13254,0.65,0.13,0.7,0.1,0.09
forget,67.0%,1.06,0.94,7723,50.3%,8457,0.91,75.3,4.3,442,11512,0.67,0.14,0.73,0.1,0.08
ngiN,69.7%,0.88,0.94,16499,45.3%,17247,0.96,68.4,4.1,1025,26895,0.61,0.13,0.64,0.09,0.09
neaLaN,67.8%,1.0,1.0,18636,55.9%,19926,0.94,74.0,4.8,1073,28658,0.65,0.14,0.7,0.09,0.09
Noisia,69.1%,0.93,0.99,9682,43.7%,10298,0.94,72.5,4.8,579,15033,0.64,0.14,0.69,0.09,0.08
BRACE,68.1%,0.98,0.99,6691,48.0%,7160,0.93,70.7,5.6,402,10439,0.64,0.13,0.69,0.1,0.09
ub1que,68.7%,0.94,0.94,8319,41.8%,8815,0.94,73.3,3.1,491,12691,0.66,0.13,0.69,0.09,0.09
Ex6TenZ,69.3%,1.01,0.94,22665,41.5%,23729,0.96,74.8,4.0,1393,36352,0.62,0.15,0.65,0.09,0.08
interz,73.3%,0.8,0.99,13256,50.0%,13437,0.99,63.0,5.1,867,23039,0.58,0.12,0.58,0.1,0.1
LOMME,70.6%,0.92,0.94,10221,42.5%,10753,0.95,72.0,4.5,623,16172,0.63,0.15,0.66,0.1,0.09
RIZZZ,70.3%,0.94,1.0,7027,52.0%,7579,0.93,70.9,3.8,422,11051,0.64,0.13,0.69,0.12,0.11
EXUS,67.1%,1.01,0.94,15251,42.7%,16330,0.93,71.2,3.6,882,23538,0.65,0.13,0.69,0.09,0.09
Shakezullah,71.0%,0.9,1.0,13296,42.5%,13755,0.97,68.9,5.1,831,21668,0.61,0.13,0.63,0.1,0.08
arch,68.9%,0.92,0.94,10295,49.0%,10953,0.94,72.7,2.2,593,15530,0.66,0.13,0.71,0.1,0.1
Twixie,69.7%,0.96,1.0,13046,48.1%,13847,0.94,71.5,5.2,760,20630,0.63,0.13,0.67,0.1,0.09
tonyblack,68.4%,0.91,0.94,13828,48.6%,14553,0.95,69.6,3.8,826,21699,0.64,0.13,0.67,0.08,0.08
SileNt,66.9%,1.0,0.94,10751,36.1%,11539,0.93,70.9,2.6,624,16235,0.66,0.12,0.71,0.1,0.09
TOAO,68.2%,0.96,0.99,18722,48.0%,19783,0.95,69.7,4.7,1106,29520,0.63,0.12,0.67,0.09,0.08
boX,69.1%,1.1,1.04,21726,43.6%,23045,0.94,75.2,5.9,1261,33615,0.65,0.16,0.69,0.1,0.08
kzy,69.0%,0.95,0.94,16400,47.6%,17245,0.95,72.6,4.8,986,25705,0.64,0.14,0.67,0.09,0.09
Fifflaren,72.0%,1.13,0.94,7894,37.5%,7934,0.99,91.7,6.2,538,13220,0.6,0.15,0.6,0.04,0.16
Rock1nG,68.9%,1.01,1.01,15317,55.3%,16361,0.94,74.1,5.0,887,23379,0.66,0.14,0.7,0.1,0.09
vSa,71.3%,0.83,0.94,6351,42.5%,6673,0.95,70.6,2.8,385,10066,0.63,0.15,0.66,0.12,0.11
uNdo,68.5%,0.89,0.94,7217,54.3%,7588,0.95,70.3,2.8,431,11262,0.64,0.12,0.67,0.08,0.09
rafftu,70.2%,0.96,1.0,8650,51.9%,9125,0.95,71.0,3.3,497,13334,0.65,0.13,0.68,0.12,0.11
Inzta,68.3%,0.96,0.94,12779,43.9%,13628,0.94,72.5,2.6,754,19798,0.65,0.14,0.69,0.1,0.09
Karsa,70.1%,0.88,0.95,7360,48.7%,7650,0.96,70.5,3.7,457,11674,0.63,0.14,0.66,0.1,0.09
ecfN,68.9%,1.01,0.95,7387,53.8%,7858,0.94,75.1,3.1,426,11214,0.66,0.14,0.7,0.12,0.11
arvid,68.7%,1.01,0.95,15700,44.7%,16720,0.94,73.2,4.4,897,24098,0.65,0.14,0.69,0.1,0.1
RAiLWAY,66.6%,1.06,1.0,8190,54.3%,8864,0.92,76.5,4.8,449,12048,0.68,0.13,0.74,0.09,0.08
strux1,65.2%,0.82,0.95,6648,36.3%,6894,0.96,76.0,1.8,403,10276,0.65,0.14,0.67,0.09,0.09
oxygeN,69.8%,0.96,1.0,8913,59.1%,9364,0.95,68.2,4.2,528,14197,0.63,0.11,0.66,0.1,0.08
flashie,69.9%,0.91,0.95,10179,41.9%,10697,0.95,72.3,3.8,594,15719,0.65,0.14,0.68,0.1,0.09
AcilioN,70.0%,0.98,0.95,30080,43.9%,31597,0.95,72.4,4.4,1762,46491,0.65,0.15,0.68,0.11,0.09
JT,70.6%,1.0,1.02,17574,48.4%,18531,0.95,72.0,4.7,1061,27532,0.64,0.14,0.67,0.12,0.11
H4RR3,70.1%,1.06,1.03,11699,50.3%,12478,0.94,74.9,4.7,661,17791,0.66,0.14,0.7,0.12,0.1
Grus,68.0%,1.05,1.0,9973,63.7%,10752,0.93,73.0,5.3,554,15106,0.66,0.12,0.71,0.1,0.09
darko,68.9%,1.03,1.02,14316,44.9%,15126,0.95,75.0,6.6,804,21820,0.66,0.14,0.69,0.1,0.09
KrizzeN,70.8%,0.93,1.01,12720,54.9%,13088,0.97,71.4,3.9,763,20020,0.64,0.14,0.65,0.1,0.09
soju_j,69.7%,0.96,1.01,9148,41.2%,9558,0.96,72.1,4.2,554,14231,0.64,0.14,0.67,0.11,0.1
CONNOR93,69.0%,1.02,0.95,7738,51.7%,8195,0.94,72.8,2.7,449,11544,0.67,0.12,0.71,0.11,0.1
devoduvek,69.6%,1.0,0.95,11155,49.6%,11756,0.95,75.6,3.5,644,17079,0.65,0.15,0.69,0.1,0.09
dERZKIY,68.3%,0.93,0.95,7182,53.9%,7573,0.95,72.0,2.3,416,10850,0.66,0.13,0.7,0.1,0.11
Console,70.1%,0.98,0.95,11948,39.5%,12530,0.95,74.0,3.2,708,18612,0.64,0.15,0.67,0.11,0.09
steel,69.9%,0.96,0.95,24479,40.8%,25364,0.97,71.7,3.7,1452,37974,0.64,0.13,0.67,0.1,0.09
caike,70.3%,1.0,0.95,8518,42.6%,8892,0.96,71.7,4.0,501,13104,0.65,0.14,0.68,0.1,0.09
TaZ,68.7%,0.88,0.95,36946,51.4%,38468,0.96,67.7,2.3,2163,56767,0.65,0.13,0.68,0.11,0.09
dumz,69.9%,1.02,0.95,7889,48.4%,8209,0.96,71.2,3.1,455,12074,0.65,0.12,0.68,0.1,0.09
friberg,68.3%,0.92,0.95,33114,47.3%,34810,0.95,70.4,5.1,1957,50987,0.65,0.16,0.68,0.11,0.09
dezon,71.0%,0.92,1.01,9192,52.4%,9440,0.97,69.9,4.8,547,14700,0.63,0.13,0.64,0.1,0.1
alexRr,65.7%,1.09,0.95,7438,39.8%,7992,0.93,72.6,3.8,433,11346,0.66,0.12,0.7,0.09,0.07
beastik,69.6%,0.99,1.01,12522,54.8%,13149,0.95,70.9,4.6,727,19523,0.64,0.13,0.67,0.11,0.07
RZU,67.8%,1.04,1.01,8255,53.9%,8776,0.94,73.9,3.8,466,12168,0.68,0.12,0.72,0.11,0.1
misutaaa,70.5%,0.95,1.0,7663,54.2%,8064,0.95,68.1,2.9,458,12112,0.63,0.11,0.67,0.12,0.11
denis,68.2%,1.08,0.95,32721,44.3%,34569,0.95,75.0,3.6,1830,48692,0.67,0.14,0.71,0.11,0.09
NEO,66.7%,0.92,0.95,34383,37.8%,35933,0.96,72.1,5.9,2030,52985,0.65,0.16,0.68,0.09,0.08
nbl,69.4%,0.98,0.95,10255,51.6%,10792,0.95,72.1,3.6,600,15501,0.66,0.13,0.7,0.11,0.1
ponczek,70.7%,0.9,1.0,8674,44.5%,8925,0.97,70.8,4.0,504,13584,0.64,0.13,0.66,0.09,0.08
maNkz,70.8%,0.99,1.02,11970,52.4%,12487,0.96,72.3,4.9,692,18642,0.64,0.13,0.67,0.12,0.11
tahsiN,67.7%,0.99,0.96,10261,44.7%,10891,0.94,72.6,4.9,591,15363,0.67,0.14,0.71,0.09,0.08
Snappi,69.4%,0.96,0.96,27353,45.5%,28322,0.97,72.7,4.5,1591,41992,0.65,0.13,0.67,0.09,0.08
kinqie,68.7%,1.03,0.96,11130,57.1%,11727,0.95,74.7,4.6,631,16775,0.66,0.13,0.7,0.11,0.09
YJ,70.2%,0.89,1.0,8424,41.6%,8495,0.99,71.0,4.1,514,13425,0.63,0.13,0.63,0.07,0.08
smF,70.4%,0.9,0.96,13708,56.2%,14090,0.97,69.6,4.6,821,21503,0.64,0.13,0.66,0.11,0.11
PR1mE,66.9%,1.0,0.99,7553,54.8%,7927,0.95,71.8,4.2,422,11427,0.66,0.11,0.69,0.09,0.1
tiziaN,69.8%,0.96,0.96,29892,56.1%,30831,0.97,71.1,4.6,1770,46856,0.64,0.13,0.66,0.09,0.09
LOGAN,70.2%,0.95,1.01,10091,55.2%,10391,0.97,70.6,2.6,590,15692,0.64,0.12,0.66,0.1,0.1
JazzPimp,68.9%,1.0,1.01,7819,54.3%,8168,0.96,74.9,3.5,438,11485,0.68,0.13,0.71,0.1,0.11
MAJ3R,69.3%,0.99,0.96,17858,48.8%,18382,0.97,73.9,4.9,1050,27515,0.65,0.14,0.67,0.08,0.08
Kristou,66.5%,1.06,0.99,6701,43.7%,7027,0.95,68.0,3.4,390,10304,0.65,0.09,0.68,0.09,0.08
Kvik,67.7%,1.0,0.96,13682,42.7%,14349,0.95,75.1,3.8,780,20389,0.67,0.14,0.7,0.1,0.1
glow,71.4%,0.9,1.01,6438,51.9%,6537,0.98,69.5,3.2,395,10045,0.64,0.12,0.65,0.11,0.11
0i,69.1%,0.98,1.0,8590,55.8%,8984,0.96,73.5,3.3,486,12725,0.68,0.13,0.71,0.1,0.1
expro,68.8%,1.03,1.03,7641,44.8%,7923,0.96,75.2,4.3,429,11378,0.67,0.13,0.7,0.1,0.09
Aleksib,71.2%,1.02,0.96,17605,39.1%,17978,0.98,74.4,8.5,1037,27513,0.64,0.17,0.65,0.11,0.1
Uber,68.4%,0.98,0.96,6674,50.2%,6973,0.96,73.6,3.9,398,10027,0.67,0.14,0.7,0.12,0.11
Walco,67.6%,1.08,1.02,8767,57.4%,9229,0.95,73.8,7.6,499,13238,0.66,0.13,0.7,0.1,0.09
xms,69.6%,0.99,0.96,12206,59.0%,12830,0.95,71.0,2.9,712,18783,0.65,0.12,0.68,0.11,0.1
ProbLeM,70.2%,0.97,1.02,9970,49.0%,10277,0.97,73.8,4.7,562,15230,0.65,0.13,0.67,0.1,0.1
HOLMES,69.3%,1.02,0.96,8068,44.6%,8433,0.96,77.9,4.5,459,12013,0.67,0.15,0.7,0.1,0.1
SEMINTE,67.9%,0.96,0.96,11705,49.3%,12182,0.96,71.8,3.0,679,17833,0.66,0.12,0.68,0.09,0.09
w1nt3r,69.3%,0.88,1.0,9468,49.5%,9635,0.98,72.1,3.9,552,14753,0.64,0.12,0.65,0.09,0.1
bodito,68.6%,1.03,0.96,8082,46.6%,8487,0.95,74.3,3.6,446,11985,0.67,0.14,0.71,0.11,0.1
stanislaw,70.3%,0.97,0.96,22198,47.5%,22689,0.98,72.8,6.0,1333,34466,0.64,0.14,0.66,0.1,0.09
Tommy,70.2%,1.07,1.04,6700,46.0%,7023,0.95,76.2,2.9,387,9900,0.68,0.15,0.71,0.12,0.1
Kairi,70.2%,1.02,0.96,6763,37.7%,6967,0.97,74.1,6.0,404,10297,0.66,0.15,0.68,0.1,0.09
maeVe,69.0%,0.96,0.96,8154,40.5%,8285,0.98,72.3,3.5,487,12606,0.65,0.14,0.66,0.08,0.07
SADDYX,69.7%,0.99,1.03,11404,47.6%,11767,0.97,74.6,6.0,647,17350,0.66,0.14,0.68,0.1,0.1
nosraC,68.6%,1.07,1.03,8777,49.6%,9152,0.96,75.5,6.1,498,13157,0.67,0.14,0.7,0.09,0.08
nafany,68.9%,1.09,1.04,15599,51.1%,16297,0.96,74.4,4.9,885,23491,0.66,0.14,0.69,0.1,0.08
kaper,71.6%,0.94,1.02,9154,44.2%,9322,0.98,72.1,3.8,536,14240,0.64,0.14,0.65,0.1,0.1
SmithZz,66.3%,0.91,0.96,19726,41.4%,20269,0.97,66.1,2.3,1161,30130,0.65,0.14,0.67,0.1,0.08
Maniac,68.6%,0.97,0.96,14478,39.4%,14866,0.97,74.4,2.1,837,22049,0.66,0.14,0.67,0.08,0.08
LUCAS1,70.3%,1.03,0.96,16073,47.0%,16554,0.97,76.6,3.9,943,24480,0.66,0.16,0.68,0.1,0.09
TMB,68.8%,1.09,1.05,13000,47.2%,13494,0.96,77.6,7.5,738,19595,0.66,0.16,0.69,0.1,0.09
Surreal,69.7%,1.01,0.96,26062,43.6%,26818,0.97,72.2,3.3,1518,39795,0.65,0.13,0.67,0.1,0.09
Hyper,68.8%,0.89,0.96,11144,41.8%,11311,0.99,69.9,2.8,646,16949,0.66,0.12,0.67,0.08,0.08
The eLiVe,69.3%,0.96,1.01,9196,52.2%,9403,0.98,71.8,4.8,526,14230,0.65,0.12,0.66,0.1,0.09
Drea3er,68.3%,1.02,1.01,7210,53.8%,7560,0.95,73.8,2.7,415,10684,0.67,0.13,0.71,0.09,0.1
chopper,69.9%,1.0,0.97,19066,57.4%,19479,0.98,72.1,4.4,1103,29250,0.65,0.13,0.67,0.1,0.09
reltuC,70.2%,0.92,0.97,14788,40.5%,14862,1.0,73.3,3.7,865,22664,0.65,0.15,0.66,0.09,0.1
starix,68.1%,0.95,0.97,10761,47.6%,11002,0.98,73.5,3.8,625,16451,0.65,0.14,0.67,0.09,0.09
phr,70.1%,0.95,1.02,22976,53.3%,23369,0.98,73.2,5.8,1312,35125,0.65,0.13,0.67,0.09,0.09
Leaf,69.9%,0.97,1.02,6618,44.2%,6689,0.99,72.1,3.5,398,10120,0.65,0.13,0.66,0.09,0.08
Marek,70.0%,0.97,0.97,7307,51.6%,7489,0.98,72.9,3.7,425,11185,0.65,0.13,0.67,0.09,0.1
KHRN,70.4%,0.93,0.97,15822,48.0%,16067,0.98,71.0,4.7,935,24443,0.65,0.14,0.66,0.1,0.1
Mayker,69.1%,0.95,1.01,7380,49.1%,7600,0.97,72.9,4.6,433,11216,0.66,0.13,0.68,0.1,0.1
gabesson,69.4%,1.0,0.97,7943,42.1%,8207,0.97,76.0,4.6,441,11654,0.68,0.16,0.7,0.11,0.11
MAIROLLS,70.5%,0.97,1.02,8516,49.1%,8729,0.98,73.2,3.5,495,12791,0.67,0.13,0.68,0.1,0.1
seized,67.2%,0.97,0.97,26348,45.8%,26940,0.98,72.8,5.4,1507,39658,0.66,0.15,0.68,0.08,0.07
DEVIL,69.2%,0.99,0.97,11006,48.2%,11297,0.97,73.3,3.7,636,16582,0.66,0.13,0.68,0.1,0.09
PKL,70.3%,1.02,0.97,19872,51.8%,20270,0.98,74.3,4.1,1158,30259,0.66,0.14,0.67,0.1,0.09
SOKER,69.7%,1.07,0.97,11465,42.5%,11889,0.96,75.8,2.8,642,16858,0.68,0.15,0.71,0.12,0.11
ice,68.6%,1.0,1.01,7708,58.1%,7949,0.97,73.1,3.5,430,11515,0.67,0.12,0.69,0.11,0.12
oskarish,69.7%,0.98,0.97,18370,50.3%,18741,0.98,70.7,4.3,1054,28144,0.65,0.13,0.67,0.1,0.1
ELUSIVE,70.7%,0.89,0.97,6410,43.9%,6354,1.01,69.6,3.6,397,10059,0.64,0.14,0.63,0.1,0.11
stk,72.1%,1.0,1.05,10034,42.0%,10257,0.98,74.5,3.0,591,15136,0.66,0.15,0.68,0.13,0.11
RuStY,70.4%,0.99,1.03,23061,53.0%,23462,0.98,73.4,4.4,1292,34898,0.66,0.13,0.67,0.1,0.1
kUcheR,70.0%,0.99,0.97,14944,44.0%,15089,0.99,74.2,2.6,852,22314,0.67,0.15,0.68,0.1,0.1
propleh,70.4%,0.98,1.03,6962,49.1%,7069,0.98,74.0,4.2,395,10494,0.66,0.14,0.67,0.1,0.11
seb,70.3%,0.99,0.97,10456,45.5%,10680,0.98,76.0,4.1,603,15586,0.67,0.15,0.69,0.11,0.11
Keoz,68.0%,1.07,1.03,14980,54.7%,15598,0.96,75.1,4.9,832,22130,0.68,0.13,0.7,0.11,0.09
Queenix,71.1%,0.94,1.03,8272,56.5%,8349,0.99,71.4,4.8,479,12917,0.64,0.12,0.65,0.1,0.11
jmqa,68.1%,1.0,0.97,16152,51.0%,16425,0.98,73.8,4.4,922,24189,0.67,0.13,0.68,0.09,0.08
raalz,70.0%,0.99,0.97,16997,57.9%,17393,0.98,71.5,4.9,955,25832,0.66,0.12,0.67,0.1,0.11
DeStRoYeR,69.0%,1.03,0.97,10649,42.1%,10851,0.98,74.3,2.7,594,15707,0.68,0.12,0.69,0.09,0.09
mono,69.9%,0.92,0.97,11640,44.6%,11657,1.0,75.5,5.7,662,17680,0.66,0.13,0.66,0.07,0.09
SPELLAN,68.8%,1.01,1.03,24704,39.6%,24951,0.99,74.1,5.4,1438,37654,0.66,0.13,0.66,0.08,0.08
RpK,70.4%,0.96,0.97,26056,50.7%,26673,0.98,72.1,2.9,1499,39100,0.67,0.13,0.68,0.11,0.11
sinnopsyy,66.2%,1.1,1.03,11895,57.1%,12445,0.96,78.8,5.4,643,17265,0.69,0.13,0.72,0.08,0.07
RUSH,71.7%,0.97,0.97,24435,47.3%,24806,0.99,71.9,3.9,1413,36954,0.66,0.15,0.67,0.11,0.1
Sapec,68.6%,1.12,1.05,8232,52.6%,8537,0.96,77.3,5.6,451,12082,0.68,0.14,0.71,0.1,0.09
leman,70.4%,0.97,0.97,9069,51.4%,9194,0.99,72.4,4.0,509,13762,0.66,0.13,0.67,0.1,0.12
blocker,70.0%,1.06,1.05,15729,49.3%,16240,0.97,77.0,4.9,864,22973,0.68,0.15,0.71,0.11,0.12
Bymas,71.9%,0.91,1.03,6511,48.6%,6436,1.01,70.8,2.9,382,10241,0.64,0.12,0.63,0.1,0.1
PERCY,67.8%,1.02,0.98,18369,58.5%,18769,0.98,73.5,4.2,1030,27376,0.67,0.12,0.69,0.09,0.09
Sergiz,70.4%,0.94,1.03,7947,51.9%,7849,1.01,72.6,5.1,465,12322,0.64,0.13,0.64,0.08,0.09
Boombl4,68.9%,1.09,1.04,19172,41.6%,19592,0.98,75.9,4.6,1085,28745,0.67,0.14,0.68,0.09,0.08
BIT,71.6%,1.02,0.98,12432,48.2%,12385,1.0,74.3,5.6,735,19001,0.65,0.15,0.65,0.11,0.09
Radifaction,68.8%,1.03,1.03,9177,49.9%,9339,0.98,75.3,3.4,509,13632,0.67,0.13,0.69,0.09,0.09
BURNRUOk,67.8%,1.13,0.98,15228,50.7%,15746,0.97,76.9,3.7,860,22168,0.69,0.14,0.71,0.09,0.08
ZEDKO,70.4%,1.01,0.98,20338,52.6%,20507,0.99,72.9,4.3,1159,30728,0.66,0.12,0.67,0.1,0.09
niki1,70.1%,1.06,0.98,17850,48.8%,18170,0.98,76.8,6.7,1020,26614,0.67,0.16,0.68,0.1,0.09
FinigaN,71.4%,0.94,1.03,8708,50.4%,8580,1.01,70.2,4.6,503,13560,0.64,0.12,0.63,0.1,0.1
prt,69.8%,0.99,1.02,12697,53.3%,12807,0.99,72.7,3.0,732,18994,0.67,0.13,0.67,0.11,0.11
jnt,70.7%,0.97,1.03,10397,35.6%,10260,1.01,68.9,4.1,628,16249,0.64,0.11,0.63,0.09,0.09
syken,68.4%,1.03,0.98,7450,57.8%,7698,0.97,74.1,3.3,413,10832,0.69,0.12,0.71,0.11,0.11
SHOOWTiME,69.2%,1.06,0.98,17257,45.2%,17543,0.98,75.3,4.3,985,25485,0.68,0.13,0.69,0.1,0.1
Llamas,70.6%,0.91,1.01,7735,49.3%,7770,1.0,70.7,3.3,459,11767,0.66,0.12,0.66,0.1,0.11
Norwi,70.4%,0.95,1.02,6984,48.9%,7020,0.99,70.9,4.4,403,10757,0.65,0.11,0.65,0.1,0.1
Fadey,67.6%,1.11,0.98,12635,54.6%,13131,0.96,75.9,3.7,708,18262,0.69,0.13,0.72,0.11,0.1
kwezz,68.6%,0.93,1.01,10967,55.4%,11078,0.99,72.5,4.6,625,16795,0.65,0.11,0.66,0.09,0.09
wiz,68.9%,0.97,1.01,8579,28.7%,8505,1.01,68.8,4.3,496,13167,0.65,0.1,0.65,0.09,0.09
tifa,68.3%,1.04,0.98,7090,45.7%,7199,0.98,74.3,3.6,407,10476,0.68,0.14,0.69,0.09,0.1
doto,68.6%,1.05,0.98,11512,54.8%,11696,0.98,74.6,4.5,648,17287,0.67,0.14,0.68,0.09,0.09
WOOD7,70.7%,0.98,1.04,9283,30.5%,9009,1.03,71.4,5.9,547,14292,0.65,0.12,0.63,0.08,0.08
anger,69.5%,1.0,0.98,12065,50.9%,12294,0.98,74.2,3.5,682,17700,0.68,0.14,0.69,0.1,0.1
apocdud,69.0%,1.07,1.05,12832,37.0%,12941,0.99,74.9,5.5,735,19035,0.67,0.14,0.68,0.11,0.1
bq,68.4%,1.05,1.02,7342,53.1%,7546,0.97,74.6,3.3,398,10734,0.68,0.13,0.7,0.08,0.08
Daffu,71.9%,0.96,1.04,12656,51.3%,12553,1.01,72.8,4.6,717,19219,0.66,0.13,0.65,0.12,0.13
zende,70.3%,1.02,0.98,7064,47.7%,7065,1.0,74.1,3.4,397,10444,0.68,0.13,0.68,0.09,0.11
Spiidi,70.3%,0.93,0.98,36384,40.4%,36200,1.01,73.8,5.0,2101,55855,0.65,0.15,0.65,0.09,0.09
NickelBack,71.3%,1.0,1.05,24490,39.8%,24536,1.0,75.5,6.3,1389,36933,0.66,0.16,0.66,0.11,0.1
DeadFox,69.8%,0.98,0.98,13856,38.4%,13910,1.0,69.5,3.5,807,21060,0.66,0.13,0.66,0.1,0.11
isak,70.0%,0.98,1.03,10437,50.1%,10462,1.0,73.3,5.1,587,15870,0.66,0.13,0.66,0.09,0.09
Zix,70.0%,1.05,1.04,7076,54.4%,7242,0.98,75.0,4.4,400,10329,0.69,0.14,0.7,0.12,0.11
ryann,69.7%,1.07,1.04,12192,55.1%,12461,0.98,73.9,3.0,697,17857,0.68,0.12,0.7,0.12,0.1
gla1ve,70.1%,1.05,0.98,29255,46.5%,29172,1.0,74.8,6.1,1685,44288,0.66,0.16,0.66,0.1,0.08
Perfecto,73.2%,0.88,1.04,11770,46.5%,11335,1.04,69.8,4.5,715,18870,0.62,0.13,0.6,0.09,0.09
AdreN,68.5%,1.05,0.98,31357,48.8%,31574,0.99,75.9,5.3,1767,46454,0.68,0.15,0.68,0.08,0.07
RUBINO,69.2%,0.97,0.98,17632,52.5%,17802,0.99,71.7,2.3,998,26140,0.67,0.13,0.68,0.1,0.09
stellar,71.3%,0.98,1.05,7396,45.7%,7370,1.0,76.2,4.3,427,10968,0.67,0.13,0.67,0.1,0.1
Xizt,69.6%,0.88,0.98,28491,46.8%,27984,1.02,70.4,5.0,1665,42830,0.67,0.17,0.65,0.1,0.1
Jonji,70.3%,1.19,1.09,19154,40.8%,19623,0.98,80.7,6.7,1071,27446,0.7,0.17,0.71,0.11,0.08
DAVEY,68.1%,1.04,0.98,14132,41.3%,14426,0.98,76.7,2.8,801,20713,0.68,0.14,0.7,0.08,0.08
Furlan,69.4%,1.09,0.98,37890,53.0%,38534,0.98,76.2,5.2,2101,55976,0.68,0.14,0.69,0.1,0.09
JACKZ,70.5%,1.05,0.98,19495,58.3%,19674,0.99,73.8,3.3,1096,29144,0.67,0.13,0.68,0.1,0.1
chop,69.1%,0.99,1.02,8082,52.5%,8123,0.99,72.8,5.0,454,12086,0.67,0.13,0.67,0.1,0.11
sXe,70.2%,0.98,0.98,10081,42.9%,10170,0.99,74.4,3.1,577,14992,0.67,0.14,0.68,0.1,0.1
NEKIZ,70.0%,1.06,0.98,17653,48.0%,17794,0.99,74.9,3.9,993,26075,0.68,0.13,0.68,0.1,0.1
ryotzz,70.5%,1.1,1.08,7922,37.2%,8076,0.98,80.4,5.9,447,11613,0.68,0.18,0.7,0.1,0.09
J1rah,69.7%,1.03,1.04,13525,46.1%,13541,1.0,72.9,4.6,785,20383,0.66,0.13,0.66,0.1,0.08
bodyy,69.8%,1.07,0.99,23904,56.2%,24123,0.99,76.1,4.6,1338,35485,0.67,0.15,0.68,0.11,0.09
AZR,70.3%,1.0,0.99,19524,51.5%,19699,0.99,74.4,3.9,1093,28528,0.68,0.14,0.69,0.11,0.11
jabbi,70.0%,1.0,1.03,13844,59.6%,13776,1.0,71.5,4.4,775,20783,0.67,0.11,0.66,0.1,0.1
Lukki,71.6%,0.98,0.99,15622,51.2%,15631,1.0,72.4,3.0,893,23437,0.67,0.13,0.67,0.12,0.12
DeathZz,70.3%,0.93,1.03,9265,49.3%,9192,1.01,73.8,3.5,528,14086,0.66,0.13,0.65,0.09,0.1
larsen,68.0%,1.03,0.99,10597,30.0%,10456,1.01,70.0,4.2,607,16049,0.66,0.1,0.65,0.09,0.07
bubble,70.8%,1.02,0.99,38738,41.5%,38199,1.01,74.2,5.1,2219,58263,0.66,0.15,0.66,0.1,0.1
SAGGERTON,68.8%,1.1,0.99,9723,42.6%,9954,0.98,75.4,4.6,540,14097,0.69,0.15,0.71,0.11,0.1
gade,69.8%,1.01,0.99,16756,53.6%,16884,0.99,72.5,3.6,964,25326,0.66,0.12,0.67,0.1,0.1
djay,70.6%,1.0,1.04,14716,48.0%,14772,1.0,74.7,4.0,837,21634,0.68,0.14,0.68,0.11,0.11
fitch,68.2%,1.1,0.99,10410,52.6%,10620,0.98,77.9,4.9,574,15207,0.68,0.15,0.7,0.09,0.08
krii,70.5%,0.96,0.99,7065,49.1%,7067,1.0,74.1,3.2,399,10544,0.67,0.14,0.67,0.1,0.12
vanity,70.8%,1.05,1.06,10461,41.8%,10381,1.01,74.0,4.6,609,15688,0.67,0.13,0.66,0.1,0.09
Dosia,68.2%,0.95,0.99,25227,48.1%,24934,1.01,73.9,5.5,1431,37517,0.67,0.15,0.66,0.08,0.08
rmn,70.2%,1.05,0.99,20149,54.2%,20180,1.0,74.3,3.6,1129,29540,0.68,0.13,0.68,0.1,0.11
DemQQ,69.2%,1.1,1.07,7138,53.2%,7124,1.0,76.9,5.6,400,10507,0.68,0.14,0.68,0.1,0.09
Drone,69.9%,1.06,0.99,8164,61.8%,8332,0.98,75.2,3.9,454,11841,0.69,0.13,0.7,0.12,0.11
facecrack,69.1%,1.11,0.99,31439,48.4%,32159,0.98,77.6,3.2,1690,45118,0.7,0.14,0.71,0.1,0.09
kaboose,68.3%,1.09,0.99,10006,54.9%,10311,0.97,76.1,2.4,549,14235,0.7,0.12,0.72,0.11,0.11
ANGE1,67.6%,1.18,0.99,31392,51.3%,32077,0.98,80.1,5.0,1728,45027,0.7,0.17,0.71,0.1,0.07
JIaYm,67.4%,1.14,1.05,10080,52.5%,10371,0.97,79.2,4.4,523,14183,0.71,0.14,0.73,0.1,0.1
Dimaoneshot,69.5%,1.13,0.99,23782,52.5%,24309,0.98,77.4,4.0,1310,34466,0.69,0.14,0.71,0.11,0.1
pesadelo,68.3%,1.06,1.04,11082,44.6%,11291,0.98,76.9,6.2,614,16041,0.69,0.14,0.7,0.1,0.09
notaN,71.0%,0.99,0.99,8178,49.1%,8143,1.0,74.0,5.0,460,12278,0.67,0.14,0.66,0.11,0.11
kory,69.7%,1.12,1.06,8856,54.4%,8932,0.99,77.3,4.4,478,12705,0.7,0.14,0.7,0.11,0.12
k1to,69.2%,1.05,1.04,23197,58.0%,23538,0.99,74.9,4.6,1275,33907,0.68,0.12,0.69,0.1,0.09
morelz,68.3%,1.07,0.99,20053,46.7%,20255,0.99,77.0,3.3,1087,28887,0.69,0.13,0.7,0.09,0.09
realz1n,72.7%,1.02,1.06,10002,49.5%,9889,1.01,73.6,5.7,573,15149,0.66,0.14,0.65,0.11,0.09
Liki,72.4%,1.01,1.07,6567,43.4%,6403,1.03,73.9,5.9,395,9991,0.66,0.15,0.64,0.12,0.1
VINI,70.4%,1.02,1.04,17335,48.6%,17355,1.0,73.6,4.2,1000,26088,0.66,0.13,0.67,0.1,0.09
BARBARR,68.2%,1.07,0.99,15776,42.7%,15796,1.0,74.8,3.9,876,23180,0.68,0.13,0.68,0.09,0.09
jaxi,71.1%,1.01,0.99,8103,40.5%,7920,1.02,73.7,2.9,472,12125,0.67,0.14,0.65,0.09,0.11
dukefissura,68.2%,1.14,1.05,7230,60.7%,7347,0.98,77.5,3.9,381,10223,0.71,0.12,0.72,0.11,0.1
BENDJI,69.6%,1.06,0.99,16055,32.5%,15918,1.01,75.4,5.3,878,23318,0.69,0.14,0.68,0.1,0.1
rbz,69.3%,0.96,0.99,11278,48.9%,11140,1.01,73.3,4.3,647,16903,0.67,0.13,0.66,0.09,0.1
xelos,68.4%,1.04,0.99,7960,48.3%,7968,1.0,76.7,5.8,438,11568,0.69,0.15,0.69,0.08,0.08
neptune,70.4%,1.03,1.04,9091,55.4%,9114,1.0,74.8,3.1,498,13218,0.69,0.13,0.69,0.11,0.1
Vegi,69.0%,1.06,1.04,15239,47.6%,15404,0.99,77.0,3.7,801,21935,0.69,0.13,0.7,0.1,0.1
Puls3,71.3%,1.03,0.99,7860,43.3%,7786,1.01,74.7,3.8,436,11572,0.68,0.15,0.67,0.11,0.12
markeloff,69.0%,0.96,0.99,19780,41.6%,19292,1.03,74.3,5.0,1143,29624,0.67,0.15,0.65,0.08,0.09
ALEX,67.4%,1.09,0.99,21407,47.3%,21779,0.98,76.3,3.5,1162,30750,0.7,0.13,0.71,0.1,0.09
gMd,70.2%,1.06,1.05,8389,53.5%,8436,0.99,75.4,3.5,464,12098,0.69,0.14,0.7,0.11,0.11
robiin,70.8%,1.07,0.99,27595,48.0%,27649,1.0,80.1,8.6,1508,40171,0.69,0.17,0.69,0.11,0.1
magixx,71.5%,0.98,1.05,10965,57.3%,10680,1.03,70.3,3.7,638,16888,0.65,0.11,0.63,0.1,0.1
YDNA,68.5%,1.06,1.03,7636,38.9%,7533,1.01,71.0,2.9,435,11265,0.68,0.11,0.67,0.09,0.1
reversive,70.9%,1.04,0.99,10905,43.6%,10763,1.01,75.6,4.6,616,16115,0.68,0.14,0.67,0.1,0.1
freakazoid,70.5%,1.09,0.99,16041,46.8%,16075,1.0,77.9,4.5,901,23127,0.69,0.15,0.7,0.11,0.1
dephh,69.1%,1.16,0.99,14252,47.6%,14484,0.98,80.6,4.9,768,20106,0.71,0.16,0.72,0.11,0.1
SEMPHIS,68.6%,1.02,0.99,15472,36.5%,15505,1.0,73.6,3.1,848,21936,0.71,0.14,0.71,0.1,0.1
freddieb,68.8%,1.07,0.99,20728,52.9%,20548,1.01,77.0,4.2,1135,30119,0.69,0.14,0.68,0.09,0.09
Jerry,70.9%,1.06,1.07,29178,45.7%,28873,1.01,76.7,4.4,1590,42778,0.68,0.14,0.67,0.1,0.09
Noktse,68.7%,1.09,1.06,13852,39.6%,13621,1.02,74.2,4.6,787,20594,0.67,0.13,0.66,0.09,0.09
MUTiRiS,70.4%,1.08,1.0,22278,50.6%,22069,1.01,78.0,5.8,1235,32303,0.69,0.15,0.68,0.1,0.1
uli,70.1%,1.02,1.0,10468,48.8%,10254,1.02,76.5,4.8,575,15393,0.68,0.13,0.67,0.09,0.1
Bååten,69.4%,1.01,1.0,13293,56.5%,13254,1.0,74.1,3.7,738,19661,0.68,0.12,0.67,0.1,0.11
vice,71.4%,1.02,1.0,8668,49.4%,8540,1.01,75.9,3.1,493,12707,0.68,0.14,0.67,0.12,0.11
truth,69.2%,1.01,1.0,8886,51.4%,8837,1.01,75.4,3.4,479,12857,0.69,0.12,0.69,0.09,0.1
STYKO,70.0%,0.99,1.0,27582,57.5%,27129,1.02,74.4,5.0,1566,41290,0.67,0.13,0.66,0.09,0.08
pecks,71.1%,0.96,1.0,6620,45.9%,6458,1.03,72.4,4.4,389,9930,0.67,0.14,0.65,0.09,0.08
peet,69.0%,1.09,1.0,6788,34.0%,6691,1.01,71.0,2.1,379,9993,0.68,0.12,0.67,0.1,0.1
mds,70.1%,1.0,1.04,19564,53.4%,19118,1.02,72.5,2.8,1089,29121,0.67,0.11,0.66,0.09,0.09
cam,71.9%,1.02,1.06,9454,50.8%,9285,1.02,75.3,5.4,544,13974,0.68,0.15,0.66,0.12,0.12
nitr0,71.3%,1.0,1.0,24518,44.4%,24029,1.02,71.5,4.9,1398,36474,0.67,0.14,0.66,0.11,0.1
MODDII,70.1%,1.02,1.0,20585,52.4%,20184,1.02,74.6,3.6,1170,30550,0.67,0.13,0.66,0.08,0.08
pyth,67.4%,0.96,1.0,13677,56.0%,13682,1.0,70.3,4.1,756,19801,0.69,0.13,0.69,0.1,0.1
void,69.8%,0.96,1.03,7854,40.0%,7727,1.02,74.1,2.8,437,11368,0.69,0.13,0.68,0.1,0.11
xseveN,70.8%,1.06,1.0,22799,46.2%,22439,1.02,78.7,6.0,1275,33704,0.68,0.16,0.67,0.09,0.09
ALLE,70.7%,1.06,1.07,7623,49.6%,7518,1.01,77.3,5.5,421,11179,0.68,0.14,0.67,0.11,0.11
adreN,70.9%,1.02,1.0,12259,35.3%,11879,1.03,76.5,5.7,697,18241,0.67,0.15,0.65,0.1,0.12
SZPERO,69.0%,1.06,1.0,36985,33.4%,36135,1.02,72.5,3.4,2058,54420,0.68,0.12,0.66,0.07,0.07
cromen,70.3%,1.06,1.0,11785,52.8%,11718,1.01,74.0,3.6,653,17335,0.68,0.13,0.68,0.11,0.11
Lack1,69.5%,1.07,1.04,16287,45.7%,16232,1.0,74.0,2.7,890,23800,0.68,0.13,0.68,0.09,0.09
supra,70.0%,1.05,1.05,9501,58.0%,9428,1.01,72.9,5.4,533,14303,0.66,0.12,0.66,0.1,0.1
zeff,72.0%,1.15,1.0,8381,42.0%,8327,1.01,77.8,4.9,482,12229,0.69,0.17,0.68,0.13,0.11
RoLEX,69.2%,1.08,1.06,8834,51.2%,8801,1.0,78.6,3.2,492,12610,0.7,0.14,0.7,0.09,0.09
Basso,70.0%,0.92,1.0,10081,53.0%,9816,1.03,70.1,3.5,582,15218,0.66,0.1,0.65,0.09,0.1
mopoz,69.1%,1.11,1.0,20824,51.6%,20844,1.0,75.7,4.8,1153,30609,0.68,0.13,0.68,0.09,0.07
KILLDREAM,70.9%,1.15,1.0,7851,44.2%,7867,1.0,81.9,3.4,429,11159,0.7,0.16,0.7,0.1,0.11
Djoko,69.2%,1.08,1.05,9077,61.7%,9077,1.0,74.8,5.9,500,13271,0.68,0.13,0.68,0.1,0.1
almazer,71.1%,1.0,1.06,23593,51.9%,23026,1.02,74.2,4.2,1310,35199,0.67,0.13,0.65,0.1,0.09
ImpressioN,71.0%,1.06,1.0,12159,48.9%,12028,1.01,76.8,4.2,684,17721,0.69,0.15,0.68,0.1,0.11
dzt,69.6%,1.11,1.0,12004,46.4%,11856,1.01,75.6,3.8,676,17504,0.69,0.13,0.68,0.1,0.09
cbbk,71.4%,1.02,1.06,7029,51.2%,6866,1.02,75.6,4.3,404,10342,0.68,0.15,0.66,0.1,0.1
R0b3n,70.2%,0.98,1.04,9436,49.8%,9215,1.02,74.4,3.0,527,13874,0.68,0.12,0.66,0.09,0.1
SIXER,70.7%,0.95,1.0,18867,39.1%,17915,1.05,69.9,2.7,1087,28664,0.66,0.11,0.62,0.09,0.1
xiaosaGe,70.1%,1.11,1.08,15686,47.7%,15651,1.0,80.0,5.2,847,22333,0.7,0.16,0.7,0.11,0.1
hazed,68.2%,1.12,1.0,13273,49.8%,13354,0.99,78.3,4.1,736,19138,0.69,0.15,0.7,0.09,0.08
leo_drk,70.0%,1.11,1.07,10622,51.6%,10591,1.0,76.5,4.4,597,15378,0.69,0.13,0.69,0.11,0.1
Edward,69.3%,0.98,1.0,26683,51.1%,25994,1.03,72.0,2.9,1473,38787,0.69,0.13,0.67,0.09,0.09
Tsogoo,69.7%,1.03,1.0,8685,52.8%,8578,1.01,77.2,3.3,484,12363,0.7,0.14,0.69,0.1,0.11
1uke,67.3%,1.16,1.0,11017,26.4%,10794,1.02,71.6,2.2,623,16179,0.68,0.09,0.67,0.08,0.07
Oderus,67.0%,1.15,1.04,8738,34.3%,8790,0.99,72.3,1.8,473,12356,0.71,0.09,0.71,0.1,0.1
glace,70.7%,1.0,1.0,10395,52.2%,10029,1.04,74.4,4.1,589,15307,0.68,0.14,0.66,0.09,0.1
fenvicious,69.1%,1.02,1.0,13225,52.7%,13084,1.01,75.7,2.4,729,19059,0.69,0.12,0.69,0.09,0.09
kenzor,70.1%,1.04,1.05,10785,54.8%,10728,1.01,76.6,2.6,598,15627,0.69,0.13,0.69,0.1,0.11
Cabbi,68.4%,1.1,1.04,8930,55.6%,9012,0.99,75.7,4.5,475,12737,0.7,0.13,0.71,0.11,0.12
Relyks,69.6%,1.01,1.0,14589,48.8%,14428,1.01,73.9,5.6,832,21258,0.69,0.12,0.68,0.1,0.1
Zero,71.5%,0.96,1.0,19118,49.1%,18363,1.04,72.0,2.5,1072,28513,0.67,0.12,0.64,0.09,0.11
innocent,69.7%,1.03,1.0,32510,45.9%,31989,1.02,77.1,5.1,1781,46956,0.69,0.15,0.68,0.09,0.09
pounh,69.0%,1.03,1.04,7289,49.5%,7198,1.01,75.9,2.1,401,10552,0.69,0.13,0.68,0.09,0.09
zqkS,70.4%,1.04,1.0,13127,28.7%,12422,1.06,69.7,3.8,768,19875,0.66,0.12,0.63,0.09,0.09
waterfaLLZ,68.0%,1.09,1.0,16371,27.1%,16030,1.02,72.5,3.2,899,23842,0.69,0.12,0.67,0.09,0.08
MINISE,67.1%,1.14,1.0,34615,39.7%,34010,1.02,73.9,4.9,1871,49905,0.69,0.12,0.68,0.08,0.07
arT,68.3%,1.28,1.09,18525,34.8%,18493,1.0,78.1,3.8,1008,26196,0.71,0.14,0.71,0.1,0.07
Nifty,67.7%,1.08,1.01,15336,36.3%,15026,1.02,70.2,3.2,865,22686,0.68,0.09,0.66,0.1,0.09
emagine,70.7%,1.0,1.01,12837,45.9%,12350,1.04,73.6,4.8,751,18931,0.68,0.14,0.65,0.1,0.09
FugLy,71.4%,0.98,1.01,18921,43.4%,18300,1.03,73.5,3.5,1083,28153,0.67,0.13,0.65,0.1,0.11
speed4k,70.5%,1.01,1.05,13678,39.2%,13110,1.04,69.9,2.9,767,20579,0.66,0.11,0.64,0.09,0.09
kioShiMa,70.6%,0.97,1.01,26259,51.3%,24967,1.05,74.0,5.2,1495,39250,0.67,0.15,0.64,0.08,0.09
DESPE,69.4%,1.04,1.01,8068,29.8%,7748,1.04,68.7,2.5,468,12127,0.67,0.11,0.64,0.08,0.08
jR,68.2%,1.07,1.01,16101,34.0%,15547,1.04,71.6,3.3,892,23804,0.68,0.11,0.65,0.08,0.07
DickStacy,72.6%,1.06,1.08,10534,48.9%,10188,1.03,73.5,4.5,624,15708,0.67,0.15,0.65,0.11,0.09
Polt,70.9%,1.0,1.07,9309,49.2%,8883,1.05,77.7,3.5,512,13537,0.69,0.14,0.66,0.08,0.09
to1nou,68.9%,1.01,1.01,15196,30.5%,14676,1.04,68.8,2.2,850,22377,0.68,0.1,0.66,0.09,0.1
Jinxx,71.7%,0.94,1.04,7054,52.7%,6771,1.04,72.3,3.8,400,10511,0.67,0.12,0.64,0.1,0.13
kalinka,68.8%,1.1,1.01,16112,52.8%,15955,1.01,76.6,3.8,855,22891,0.7,0.12,0.7,0.09,0.09
Stewie2K,70.3%,1.16,1.01,27664,49.4%,27288,1.01,77.6,5.1,1525,39802,0.7,0.14,0.69,0.1,0.08
reatz,70.6%,0.99,1.01,28133,51.5%,27400,1.03,74.0,2.8,1520,40860,0.69,0.12,0.67,0.1,0.11
ap0c,69.9%,1.08,1.01,16582,50.9%,16367,1.01,77.2,5.0,928,23732,0.7,0.15,0.69,0.1,0.09
siuhy,68.7%,1.12,1.07,9679,53.0%,9617,1.01,77.9,4.5,513,13798,0.7,0.13,0.7,0.1,0.09
ayaya,68.5%,1.12,1.01,8333,40.3%,8231,1.01,78.0,2.7,462,11695,0.71,0.14,0.7,0.09,0.09
dazzLe,69.5%,1.15,1.08,12753,42.0%,12761,1.0,80.9,3.5,690,17971,0.71,0.16,0.71,0.1,0.09
grux,69.8%,1.01,1.04,9112,67.1%,8874,1.03,73.8,2.9,490,13084,0.7,0.11,0.68,0.1,0.11
Friis,68.6%,1.05,1.01,16356,26.3%,15609,1.05,69.4,2.4,938,24254,0.67,0.11,0.64,0.09,0.08
J0LZ,69.3%,1.1,1.07,7287,49.3%,7168,1.02,78.3,4.2,394,10297,0.71,0.13,0.7,0.09,0.09
mirbit,72.4%,0.95,1.06,15351,44.0%,14425,1.06,73.5,5.7,866,23162,0.66,0.13,0.62,0.09,0.09
kreaz,70.8%,1.0,1.01,13262,46.9%,12707,1.04,75.6,4.5,739,19641,0.68,0.14,0.65,0.09,0.1
stadodo,70.6%,1.12,1.08,13896,40.3%,13273,1.05,73.8,5.8,783,20600,0.67,0.13,0.64,0.09,0.09
spyleadeR,69.1%,1.17,1.01,16849,42.3%,16756,1.01,81.0,4.7,899,23232,0.73,0.18,0.72,0.1,0.08
obj,71.0%,1.01,1.01,7278,31.6%,6855,1.06,69.9,2.9,418,10936,0.67,0.11,0.63,0.09,0.09
Viva,71.4%,1.04,1.06,10605,46.0%,10125,1.05,71.9,2.7,597,15834,0.67,0.12,0.64,0.1,0.11
Noobster,67.8%,1.11,1.01,8741,34.5%,8534,1.02,73.2,4.0,495,12785,0.68,0.12,0.67,0.09,0.09
Kylar,70.3%,1.02,1.05,10912,59.0%,10619,1.03,73.7,4.5,593,15953,0.68,0.12,0.67,0.1,0.11
jedqr,71.4%,1.03,1.08,15232,53.4%,14642,1.04,77.0,6.0,819,22194,0.69,0.15,0.66,0.1,0.1
EasTor,69.5%,1.03,1.01,9017,28.3%,8646,1.04,68.7,2.8,500,13298,0.68,0.09,0.65,0.1,0.1
byali,69.9%,1.0,1.01,34442,51.6%,33127,1.04,76.1,3.6,1879,49392,0.7,0.14,0.67,0.09,0.1
1962,69.6%,1.14,1.07,10623,53.7%,10622,1.0,76.7,3.8,576,14987,0.71,0.14,0.71,0.11,0.1
mitch,72.1%,1.05,1.01,14179,44.4%,13547,1.05,76.8,4.0,807,20719,0.68,0.14,0.65,0.1,0.11
JDC,69.7%,1.05,1.06,9359,51.3%,9138,1.02,76.0,3.2,518,13599,0.69,0.13,0.67,0.1,0.1
Lekr0,70.4%,1.05,1.01,24036,51.5%,23262,1.03,76.5,3.9,1302,34804,0.69,0.14,0.67,0.09,0.09
Maikelele,70.3%,1.03,1.01,18850,37.0%,17905,1.05,73.3,4.8,1067,28134,0.67,0.14,0.64,0.09,0.09
SHOCK,70.3%,0.99,1.04,13343,55.4%,12868,1.04,72.9,3.5,737,19784,0.67,0.11,0.65,0.08,0.09
hampus,67.8%,1.15,1.01,25535,40.4%,25276,1.01,79.9,4.3,1367,36338,0.7,0.15,0.7,0.08,0.08
b0RUP,69.7%,1.06,1.01,25570,63.8%,25109,1.02,73.2,4.6,1411,37302,0.69,0.11,0.67,0.1,0.1
PlesseN,68.4%,1.16,1.01,24716,54.5%,24497,1.01,80.3,5.6,1303,34889,0.71,0.15,0.7,0.1,0.09
desi,68.9%,1.07,1.01,7826,51.5%,7727,1.01,75.6,2.9,430,10986,0.71,0.13,0.7,0.09,0.1
tatazin,73.2%,0.9,1.05,13119,46.3%,12117,1.08,70.0,3.2,769,20165,0.65,0.11,0.6,0.08,0.09
shokz,70.7%,1.03,1.06,11762,53.7%,11373,1.03,75.0,3.6,650,17303,0.68,0.12,0.66,0.08,0.09
GruBy,70.7%,1.05,1.01,30980,42.4%,30210,1.03,78.2,3.4,1682,44771,0.69,0.15,0.67,0.1,0.11
HUGHMUNGUS,70.6%,1.03,1.06,13515,50.7%,13005,1.04,74.7,4.8,762,19788,0.68,0.13,0.66,0.1,0.11
delboNi,70.3%,0.98,1.05,9481,44.6%,9155,1.04,74.8,3.6,532,13795,0.69,0.13,0.66,0.1,0.11
Zyphon,71.0%,1.04,1.07,7590,51.3%,7290,1.04,75.5,3.0,415,10947,0.69,0.12,0.67,0.1,0.11
es3tag,71.1%,1.07,1.01,23769,35.4%,22950,1.04,76.3,5.1,1325,34703,0.68,0.15,0.66,0.1,0.1
bedonka,70.5%,1.07,1.06,6857,53.7%,6734,1.02,76.8,4.1,379,9815,0.7,0.14,0.69,0.09,0.09
Jyo,71.6%,1.04,1.07,21484,40.7%,20479,1.05,74.8,5.6,1178,31522,0.68,0.13,0.65,0.1,0.09
aproto,69.8%,1.03,1.05,7153,57.8%,7068,1.01,74.9,3.2,383,10053,0.71,0.11,0.7,0.1,0.13
chrisJ,68.9%,1.02,1.01,31011,41.5%,29926,1.04,70.1,3.3,1727,45400,0.68,0.11,0.66,0.1,0.08
Nodios,71.4%,1.0,1.01,13169,53.8%,12634,1.04,76.0,5.1,720,19311,0.68,0.14,0.65,0.1,0.11
Tuurtle,71.2%,1.09,1.08,13764,55.0%,13382,1.03,76.9,2.8,750,19746,0.7,0.14,0.68,0.1,0.11
flickz,71.4%,1.05,1.09,7976,48.3%,7619,1.05,79.0,5.3,461,11606,0.69,0.16,0.66,0.08,0.08
xCeeD,70.9%,1.09,1.07,8078,44.0%,7894,1.02,75.4,3.0,449,11596,0.7,0.13,0.68,0.11,0.11
roca,68.8%,1.06,1.02,12336,51.4%,12141,1.02,76.4,3.0,660,17324,0.71,0.13,0.7,0.1,0.11
roseau,71.2%,1.15,1.02,7419,40.4%,7300,1.02,78.1,3.0,412,10376,0.72,0.15,0.7,0.11,0.11
SKYTTEN,71.9%,1.06,1.02,7087,45.2%,6759,1.05,79.8,4.0,382,10157,0.7,0.16,0.67,0.1,0.13
iDk,70.2%,1.09,1.08,15772,47.2%,15243,1.03,78.3,4.7,870,22692,0.7,0.15,0.67,0.1,0.09
mar,70.6%,1.08,1.08,13540,48.6%,13128,1.03,78.9,6.6,731,19382,0.7,0.15,0.68,0.1,0.1
Plopski,71.7%,1.05,1.08,18805,41.6%,17985,1.05,76.5,4.9,1027,27188,0.69,0.14,0.66,0.1,0.11
n0thing,69.5%,1.01,1.02,14720,52.6%,14236,1.03,74.9,5.0,813,21021,0.7,0.15,0.68,0.1,0.1
fox,68.6%,1.18,1.02,19461,32.1%,18938,1.03,75.5,3.2,1058,27636,0.7,0.13,0.69,0.1,0.09
apEX,68.5%,1.09,1.02,37364,51.7%,36746,1.02,78.9,5.1,2002,52515,0.71,0.16,0.7,0.1,0.09
LETN1,71.8%,1.03,1.02,19347,49.6%,18183,1.06,72.8,3.6,1111,28880,0.67,0.13,0.63,0.1,0.1
szejn,69.6%,1.05,1.06,9998,51.6%,9737,1.03,76.9,3.9,540,14469,0.69,0.13,0.67,0.09,0.09
fr0slev,71.5%,1.02,1.08,11143,48.0%,10673,1.04,78.1,4.7,611,15973,0.7,0.14,0.67,0.1,0.12
TENZKI,71.0%,1.03,1.02,26979,52.9%,25643,1.05,76.8,4.4,1494,39305,0.69,0.14,0.65,0.09,0.1
NENO,71.3%,1.02,1.02,11785,42.5%,11185,1.05,75.2,4.3,658,17038,0.69,0.13,0.66,0.09,0.09
yel,70.4%,1.06,1.02,16256,29.9%,15220,1.07,71.6,3.0,930,24064,0.68,0.11,0.63,0.09,0.09
steel,69.6%,1.16,1.02,11498,45.7%,11237,1.02,80.0,4.8,616,16284,0.71,0.15,0.69,0.09,0.08
ROBO,70.1%,1.04,1.02,12328,45.6%,11700,1.05,74.0,2.7,667,17746,0.69,0.11,0.66,0.09,0.1
queztone,69.9%,1.06,1.02,13135,44.7%,12900,1.02,77.1,3.2,709,18569,0.71,0.14,0.69,0.1,0.1
Goofy,70.2%,1.12,1.08,21149,41.1%,20816,1.02,78.6,4.8,1110,30021,0.7,0.15,0.69,0.1,0.11
dimasick,69.5%,1.03,1.06,10747,49.1%,10300,1.04,75.9,3.5,585,15322,0.7,0.12,0.67,0.08,0.09
Xyp9x,72.1%,0.97,1.02,33959,41.6%,31647,1.07,74.8,6.2,1979,51550,0.66,0.16,0.61,0.08,0.09
Markoś,69.9%,1.03,1.06,12341,29.6%,11539,1.07,71.7,3.2,682,18314,0.67,0.11,0.63,0.08,0.08
Ace,70.9%,1.03,1.06,7922,31.4%,7352,1.08,68.5,2.3,456,11866,0.67,0.1,0.62,0.09,0.1
HexT,71.2%,1.12,1.09,9334,50.0%,9049,1.03,77.2,4.8,498,13206,0.71,0.14,0.69,0.13,0.13
Spongey,72.5%,0.94,1.06,13944,50.9%,12948,1.08,71.4,4.3,809,21037,0.66,0.12,0.62,0.1,0.12
spaze,67.9%,1.04,1.02,10281,52.0%,10192,1.01,75.9,2.6,538,14117,0.73,0.14,0.72,0.1,0.11
Krad,68.8%,1.11,1.07,21654,48.6%,21029,1.03,77.1,4.8,1173,31184,0.69,0.14,0.67,0.09,0.1
Voltage,71.5%,0.99,1.05,7407,28.6%,6823,1.09,67.6,2.8,438,11278,0.66,0.09,0.6,0.09,0.1
MoeycQ,68.3%,1.04,1.02,11650,36.9%,11240,1.04,75.2,5.1,639,16594,0.7,0.12,0.68,0.09,0.09
v1c7oR,72.9%,1.1,1.02,33908,46.3%,32682,1.04,76.7,4.5,1865,48655,0.7,0.16,0.67,0.12,0.11
qqGOD,70.2%,1.13,1.02,10674,40.9%,10394,1.03,79.2,3.3,584,15180,0.7,0.16,0.68,0.09,0.09
DeStiNy,70.5%,1.18,1.02,19796,50.8%,19349,1.02,78.5,3.2,1063,27627,0.72,0.14,0.7,0.11,0.1
Nico,69.2%,1.28,1.02,6738,26.0%,6191,1.09,80.6,4.9,399,10074,0.67,0.12,0.61,0.08,0.14
mouz,71.8%,1.01,1.02,31019,50.2%,29280,1.06,74.2,3.2,1698,45118,0.69,0.13,0.65,0.09,0.1
disco doplan,70.2%,1.04,1.02,22193,43.9%,21099,1.05,76.1,3.6,1207,32000,0.69,0.13,0.66,0.09,0.1
FaNg,71.2%,1.08,1.08,11999,56.0%,11510,1.04,76.3,3.9,651,16966,0.71,0.13,0.68,0.11,0.1
FANAT ROCKA,69.0%,1.08,1.02,8262,27.1%,7809,1.06,71.8,2.8,465,12150,0.68,0.11,0.64,0.08,0.09
MonttY,72.1%,1.07,1.02,9507,46.6%,9169,1.04,77.3,1.9,522,13451,0.71,0.14,0.68,0.11,0.11
bondik,71.3%,0.97,1.02,26353,47.7%,24897,1.06,74.6,5.3,1454,38215,0.69,0.13,0.65,0.09,0.1
kolor,68.6%,1.11,1.05,10309,27.6%,10009,1.03,73.3,2.1,558,14585,0.71,0.11,0.69,0.1,0.12
Maluk3,69.8%,1.08,1.07,18974,29.1%,17850,1.06,72.4,5.3,1062,27554,0.69,0.11,0.65,0.09,0.08
NBK-,69.4%,1.06,1.02,37156,53.7%,35837,1.04,76.9,3.4,2051,53635,0.69,0.15,0.67,0.1,0.08
fnx,71.3%,1.05,1.02,12310,49.6%,11644,1.06,78.4,5.9,689,17735,0.69,0.16,0.66,0.08,0.08
jdm64,68.8%,1.05,1.02,14626,23.6%,13801,1.06,70.1,2.9,823,21321,0.69,0.1,0.65,0.1,0.09
HS,69.6%,1.09,1.02,20297,49.2%,19875,1.02,78.5,4.9,1068,28553,0.71,0.15,0.7,0.1,0.11
dragonfly,67.6%,1.13,1.06,9094,25.1%,8592,1.06,70.8,3.1,507,13234,0.69,0.09,0.65,0.09,0.08
AMANEK,71.6%,1.01,1.02,18691,45.2%,17492,1.07,74.6,4.6,1030,27668,0.68,0.13,0.63,0.09,0.09
niko,71.3%,1.04,1.02,22111,49.4%,21033,1.05,75.1,4.3,1211,32024,0.69,0.13,0.66,0.1,0.11
Swisher,70.6%,1.1,1.08,11385,47.4%,11020,1.03,78.6,5.4,615,16069,0.71,0.15,0.69,0.1,0.11
smiley,69.6%,1.07,1.07,8764,28.8%,8133,1.08,72.5,3.3,478,12883,0.68,0.1,0.63,0.08,0.09
sLowi,69.0%,1.11,1.02,20929,51.6%,20095,1.04,76.4,4.7,1121,30114,0.69,0.14,0.67,0.09,0.09
glowiing,69.0%,1.14,1.08,9603,55.2%,9410,1.02,80.0,4.9,503,13395,0.72,0.13,0.7,0.1,0.1
flamie,70.6%,1.0,1.02,29923,54.5%,28568,1.05,75.0,3.9,1627,42977,0.7,0.14,0.66,0.09,0.09
kai,71.5%,1.01,1.07,8814,35.3%,8399,1.05,75.9,4.4,483,12692,0.69,0.14,0.66,0.09,0.11
CyberFocus,68.3%,1.16,1.02,9080,29.7%,8760,1.04,74.2,2.0,491,12779,0.71,0.11,0.69,0.08,0.08
b0denmaster,69.1%,1.12,1.07,9880,33.4%,9338,1.06,73.5,4.8,538,14384,0.69,0.11,0.65,0.09,0.08
hoody,69.7%,1.09,1.07,10871,49.6%,10469,1.04,77.2,3.7,575,15453,0.7,0.13,0.68,0.09,0.1
Forester,70.0%,1.08,1.08,22202,53.8%,21134,1.05,76.4,3.4,1205,32004,0.69,0.13,0.66,0.09,0.09
pashaBiceps,66.8%,1.06,1.02,29501,37.3%,28482,1.04,72.5,4.2,1592,41228,0.72,0.13,0.69,0.08,0.08
fl0m,70.4%,1.09,1.03,12430,30.1%,11781,1.06,74.0,3.6,674,17775,0.7,0.12,0.66,0.1,0.1
food,71.7%,1.08,1.03,8248,50.2%,7868,1.05,77.2,3.9,456,11711,0.7,0.14,0.67,0.11,0.11
dennis,69.3%,1.06,1.03,29842,54.4%,28702,1.04,76.5,4.0,1575,41834,0.71,0.12,0.69,0.09,0.1
KENSI,71.0%,1.01,1.07,9847,54.7%,9168,1.07,73.6,4.7,538,14482,0.68,0.12,0.63,0.09,0.09
RIKO,69.6%,1.07,1.06,7573,52.7%,7418,1.02,77.6,3.4,406,10568,0.72,0.13,0.7,0.1,0.11
DiMKE,71.6%,1.08,1.03,11900,46.9%,11432,1.04,79.1,4.3,641,16861,0.71,0.15,0.68,0.11,0.12
Spargo,68.5%,1.1,1.05,8415,32.9%,8026,1.05,70.4,2.3,448,12107,0.7,0.09,0.66,0.09,0.09
aizy,69.7%,1.05,1.03,28807,50.4%,27637,1.04,75.6,4.3,1564,41206,0.7,0.14,0.67,0.1,0.1
chawzyyy,71.2%,1.06,1.07,7337,40.1%,6907,1.06,74.6,4.2,402,10745,0.68,0.13,0.64,0.09,0.09
shuadapai,72.4%,1.03,1.08,9880,52.4%,9388,1.05,76.0,3.5,549,14214,0.7,0.14,0.66,0.11,0.11
imoRR,68.7%,1.26,1.1,12578,50.9%,12425,1.01,79.9,4.4,650,17397,0.72,0.13,0.71,0.1,0.09
stfN,71.6%,1.05,1.03,24939,46.5%,23516,1.06,75.7,4.0,1355,35985,0.69,0.14,0.65,0.1,0.12
F1KU,69.4%,1.09,1.07,11580,54.7%,11225,1.03,77.9,5.1,608,16549,0.7,0.13,0.68,0.09,0.09
juho,68.2%,1.18,1.03,14727,46.0%,14535,1.01,78.7,2.4,769,20213,0.73,0.14,0.72,0.1,0.09
kressy,71.8%,1.01,1.07,20337,47.9%,19172,1.06,75.6,3.8,1102,29508,0.69,0.13,0.65,0.1,0.1
rain,69.9%,1.16,1.03,30450,56.0%,29593,1.03,79.9,3.6,1620,42867,0.71,0.15,0.69,0.1,0.09
JonY BoY,68.3%,1.15,1.03,7625,34.6%,7272,1.05,75.0,3.7,425,10919,0.7,0.11,0.67,0.09,0.09
RCF,69.8%,1.16,1.09,12100,43.2%,11539,1.05,75.1,2.9,649,17027,0.71,0.11,0.68,0.1,0.1
cxzi,68.8%,1.19,1.1,8492,37.0%,8363,1.02,81.1,5.1,450,11664,0.73,0.14,0.72,0.1,0.08
Thomas,72.8%,1.1,1.12,17959,41.5%,17065,1.05,81.1,5.4,948,25198,0.71,0.17,0.68,0.11,0.11
captainMo,70.0%,1.09,1.03,14956,40.2%,14339,1.04,74.2,2.5,814,20980,0.71,0.12,0.68,0.1,0.1
Maden,68.5%,1.17,1.08,13472,50.9%,13101,1.03,79.5,5.3,699,18623,0.72,0.14,0.7,0.09,0.1
AiyvaN,69.6%,1.11,1.03,12635,37.8%,12043,1.05,74.2,3.2,694,18045,0.7,0.11,0.67,0.1,0.1
DEV7L,69.9%,1.04,1.03,9988,34.2%,9406,1.06,72.4,2.7,549,14256,0.7,0.1,0.66,0.09,0.1
znajder,69.9%,1.05,1.03,19778,47.9%,18708,1.06,76.8,4.3,1050,27577,0.72,0.15,0.68,0.1,0.1
Relaxa,71.5%,1.04,1.03,21475,30.2%,19530,1.1,72.5,4.3,1203,32043,0.67,0.12,0.61,0.09,0.09
Patsi,69.5%,1.15,1.09,9880,44.8%,9564,1.03,79.1,3.8,516,13868,0.71,0.13,0.69,0.11,0.1
yam,70.1%,1.15,1.03,9755,34.6%,9105,1.07,74.5,4.9,547,14003,0.7,0.13,0.65,0.09,0.09
Kntz,72.1%,0.98,1.07,9469,47.2%,8843,1.07,75.4,2.7,521,13442,0.7,0.12,0.66,0.1,0.11
alex,71.3%,1.07,1.03,24134,45.7%,22632,1.07,76.5,4.5,1310,34682,0.7,0.14,0.65,0.09,0.11
max,71.5%,1.1,1.11,10311,45.8%,9694,1.06,79.0,4.2,554,14682,0.7,0.14,0.66,0.1,0.1
Lucky,71.5%,1.05,1.09,22450,41.4%,20955,1.07,76.9,6.4,1221,32621,0.69,0.14,0.64,0.1,0.1
TRAVIS,71.1%,1.14,1.11,9492,54.6%,9060,1.05,78.8,4.3,508,13542,0.7,0.14,0.67,0.1,0.08
USTILO,70.8%,1.12,1.03,20945,46.0%,20013,1.05,77.5,3.2,1150,29731,0.7,0.14,0.67,0.1,0.1
Subroza,69.3%,1.19,1.1,11748,48.4%,11373,1.03,80.7,5.2,623,16275,0.72,0.15,0.7,0.09,0.09
NK4Y,70.8%,1.03,1.07,8697,62.1%,8268,1.05,76.3,3.6,480,12325,0.71,0.14,0.67,0.1,0.11
land1n,70.5%,1.06,1.03,13469,31.1%,12296,1.1,69.6,2.3,767,20063,0.67,0.11,0.61,0.08,0.09
sjuush,72.3%,1.04,1.09,14978,52.4%,13998,1.07,75.8,3.9,825,21810,0.69,0.13,0.64,0.1,0.11
JUST,71.8%,1.04,1.03,16258,55.3%,15385,1.06,75.6,5.4,889,23444,0.69,0.13,0.66,0.09,0.11
rAge,70.3%,1.03,1.07,6850,31.8%,6166,1.11,71.2,4.5,382,10184,0.67,0.1,0.61,0.07,0.09
dobu,71.1%,1.14,1.03,14824,54.5%,14162,1.05,80.1,3.5,791,20728,0.72,0.15,0.68,0.1,0.1
REZ,70.7%,1.11,1.03,25076,49.6%,23752,1.06,78.3,3.9,1355,35650,0.7,0.14,0.67,0.1,0.1
tarik,70.8%,1.11,1.03,26620,37.8%,25304,1.05,76.8,2.9,1438,37326,0.71,0.14,0.68,0.11,0.1
dEE,69.9%,1.07,1.07,8385,33.1%,7808,1.07,72.6,2.9,449,11891,0.71,0.1,0.66,0.09,0.1
tb,71.9%,1.05,1.03,11088,49.9%,10380,1.07,76.7,3.5,619,15737,0.7,0.15,0.66,0.11,0.11
Davidp,69.9%,1.07,1.03,14255,39.7%,13246,1.08,77.9,7.6,774,20539,0.69,0.14,0.64,0.07,0.08
Lucaozy,70.8%,1.06,1.08,7598,50.7%,7082,1.07,75.6,3.1,399,10815,0.7,0.11,0.65,0.1,0.1
eraa,68.6%,1.08,1.06,11002,33.4%,10333,1.06,73.4,3.4,575,15566,0.71,0.1,0.66,0.08,0.09
twist,69.8%,1.09,1.04,32388,41.3%,30652,1.06,76.8,5.0,1727,45734,0.71,0.14,0.67,0.09,0.09
phzy,70.6%,1.02,1.07,8450,29.2%,7744,1.09,72.0,2.6,461,12400,0.68,0.1,0.62,0.09,0.08
fleav,68.9%,1.12,1.08,10884,40.0%,10448,1.04,79.9,2.8,567,14903,0.73,0.13,0.7,0.09,0.1
buster,72.0%,1.03,1.09,22503,47.9%,20537,1.1,73.5,3.5,1252,33082,0.68,0.12,0.62,0.08,0.09
KHTEX,71.6%,1.04,1.08,11041,45.5%,10188,1.08,75.1,4.3,614,15841,0.7,0.13,0.64,0.09,0.1
LOVEYY,70.7%,1.11,1.04,12939,52.0%,12240,1.06,78.0,3.5,708,17977,0.72,0.15,0.68,0.11,0.11
ANDROID,71.2%,1.02,1.04,15394,50.7%,14358,1.07,75.7,3.0,835,21741,0.71,0.13,0.66,0.1,0.12
Bubzkji,70.0%,1.11,1.04,15534,50.8%,14571,1.07,80.4,5.4,817,21619,0.72,0.14,0.67,0.09,0.1
HSK,72.5%,1.09,1.04,9678,31.1%,8833,1.1,75.2,4.5,540,13851,0.7,0.14,0.64,0.12,0.12
Snax,69.0%,1.07,1.04,39509,36.6%,36701,1.08,74.8,4.4,2127,56083,0.7,0.13,0.65,0.08,0.08
Geniuss,71.6%,1.17,1.11,7345,56.4%,7036,1.04,78.5,3.3,398,10155,0.72,0.13,0.69,0.11,0.11
Hiko,71.8%,0.9,1.04,16611,53.9%,15079,1.1,71.6,5.0,937,24398,0.68,0.14,0.62,0.1,0.11
motm,70.7%,1.1,1.09,18117,50.7%,17159,1.06,76.1,3.2,954,25189,0.72,0.12,0.68,0.11,0.12
kabal,70.9%,1.06,1.09,14811,45.9%,13725,1.08,77.7,4.7,799,20960,0.71,0.13,0.65,0.08,0.09
n0rb3r7,68.4%,1.16,1.09,20651,50.9%,19814,1.04,79.7,4.2,1076,28750,0.72,0.13,0.69,0.08,0.07
aumaN,71.1%,1.11,1.04,15892,41.7%,14709,1.08,80.9,5.8,874,22423,0.71,0.16,0.66,0.08,0.08
STOMP,69.7%,1.11,1.09,15139,26.1%,13810,1.1,73.3,3.9,809,21729,0.7,0.11,0.64,0.08,0.09
Swahn,69.7%,1.1,1.08,7290,25.7%,6722,1.08,72.5,3.5,397,10421,0.7,0.1,0.65,0.1,0.1
zewsy,72.0%,1.11,1.04,11142,41.0%,10475,1.06,79.0,3.4,618,15666,0.71,0.16,0.67,0.11,0.1
Snakes,71.6%,1.07,1.09,7426,43.3%,6938,1.07,77.4,4.6,410,10503,0.71,0.13,0.66,0.11,0.1
flusha,70.1%,1.05,1.04,35063,42.0%,32431,1.08,81.1,9.2,1893,49688,0.71,0.17,0.65,0.09,0.08
Kjaerbye,70.1%,1.1,1.04,28608,52.9%,26504,1.08,78.5,3.9,1530,40253,0.71,0.14,0.66,0.09,0.1
jkaem,70.3%,1.17,1.04,25412,51.6%,24220,1.05,80.2,3.7,1316,34740,0.73,0.14,0.7,0.11,0.11
DavCost,69.8%,1.09,1.04,23373,32.4%,21486,1.09,73.9,3.2,1264,33321,0.7,0.12,0.64,0.09,0.09
malta,71.9%,1.08,1.1,17638,39.7%,16211,1.09,77.1,3.7,998,25425,0.69,0.15,0.64,0.09,0.08
Bwills,72.7%,1.06,1.1,14648,50.9%,13666,1.07,78.4,6.3,797,20666,0.71,0.15,0.66,0.12,0.14
refrezh,71.6%,1.05,1.08,18323,49.2%,16980,1.08,75.1,3.4,978,26051,0.7,0.11,0.65,0.1,0.1
cadiaN,70.4%,1.12,1.04,27065,27.6%,24531,1.1,73.3,4.6,1475,38976,0.69,0.11,0.63,0.09,0.08
MarKE,72.9%,1.1,1.12,16750,53.1%,15402,1.09,79.0,5.2,926,23830,0.7,0.15,0.65,0.11,0.12
WolfY,71.6%,1.06,1.08,9790,34.7%,8809,1.11,71.3,3.0,529,14082,0.7,0.1,0.63,0.09,0.11
Lucky,69.9%,1.05,1.07,8456,40.3%,7698,1.1,71.0,2.8,452,12232,0.69,0.09,0.63,0.09,0.1
rommi,69.7%,1.05,1.05,9899,50.8%,9295,1.06,81.1,3.7,516,13467,0.74,0.14,0.69,0.08,0.1
Qikert,72.0%,1.08,1.11,23498,56.3%,21535,1.09,77.4,4.8,1269,33537,0.7,0.13,0.64,0.09,0.1
Zellsis,71.5%,1.11,1.11,11657,46.4%,10854,1.07,79.2,4.8,626,16210,0.72,0.15,0.67,0.1,0.11
Grim,71.5%,1.11,1.1,16813,48.1%,16097,1.04,78.1,3.5,892,23471,0.72,0.13,0.69,0.12,0.13
raafa,69.1%,1.08,1.07,11650,27.4%,10558,1.1,72.4,3.7,640,16832,0.69,0.11,0.63,0.07,0.08
Flarich,71.6%,0.98,1.07,19389,55.2%,17588,1.1,74.1,3.7,1058,28161,0.69,0.11,0.62,0.08,0.1
loWel,73.1%,0.97,1.05,18549,47.5%,16810,1.1,75.8,4.5,1008,26413,0.7,0.13,0.64,0.09,0.11
Aerial,72.5%,1.13,1.11,17911,41.6%,16694,1.07,78.5,2.7,943,25018,0.72,0.15,0.67,0.11,0.11
nin9,70.0%,1.09,1.09,7139,36.8%,6463,1.1,74.6,4.7,388,10202,0.7,0.11,0.63,0.08,0.09
NEEX,68.2%,1.09,1.05,8076,31.3%,7502,1.08,71.5,1.6,429,11195,0.72,0.09,0.67,0.08,0.1
SicK,71.9%,1.11,1.05,15002,49.8%,13962,1.07,77.7,2.6,795,20701,0.72,0.13,0.67,0.1,0.12
juanflatroo,68.7%,1.17,1.1,11448,57.2%,11035,1.04,83.0,5.3,568,15165,0.75,0.13,0.73,0.1,0.1
FASHR,71.7%,1.14,1.11,13998,48.8%,13241,1.06,79.4,5.4,731,19399,0.72,0.15,0.68,0.11,0.13
yay,69.9%,1.16,1.05,12452,46.7%,11848,1.05,77.6,3.4,653,17182,0.72,0.13,0.69,0.1,0.11
sdy,72.6%,1.03,1.11,19886,50.6%,17960,1.11,76.7,4.1,1092,28600,0.7,0.13,0.63,0.1,0.11
REDSTAR,71.6%,1.07,1.1,12169,48.7%,11008,1.11,74.9,4.3,651,17267,0.7,0.12,0.64,0.1,0.1
TeSeS,71.3%,1.12,1.11,15953,55.3%,14907,1.07,78.5,4.6,832,22223,0.72,0.14,0.67,0.11,0.12
KRIMZ,71.2%,1.01,1.05,33075,40.8%,30004,1.1,76.4,4.2,1791,47130,0.7,0.15,0.64,0.09,0.1
KEi,69.6%,1.21,1.12,12891,46.3%,12282,1.05,82.6,4.7,649,17432,0.74,0.14,0.7,0.09,0.09
stavn,70.7%,1.14,1.12,21743,42.9%,20242,1.07,81.1,4.1,1120,29840,0.73,0.14,0.68,0.09,0.1
afro,69.7%,1.11,1.08,10898,34.9%,9943,1.1,72.2,5.3,588,15720,0.69,0.11,0.63,0.08,0.09
mou,69.7%,1.13,1.05,28048,28.0%,25564,1.1,73.9,4.0,1489,39475,0.71,0.11,0.65,0.08,0.09
zeph,69.3%,1.21,1.11,10590,48.4%,10011,1.06,80.2,3.9,564,14357,0.74,0.13,0.7,0.1,0.1
tabseN,69.5%,1.23,1.05,37751,49.0%,36211,1.04,84.7,8.2,1953,51605,0.73,0.16,0.7,0.09,0.09
Marcelious,69.4%,1.11,1.08,9052,31.2%,8397,1.08,74.2,3.2,472,12716,0.71,0.1,0.66,0.1,0.11
cajunb,70.1%,1.02,1.05,31980,41.0%,29096,1.1,73.5,3.1,1745,45680,0.7,0.12,0.64,0.09,0.1
HZ,73.8%,1.14,1.05,9305,49.4%,8614,1.08,81.7,3.8,500,12856,0.72,0.17,0.67,0.13,0.12
Ramz1kBO$$,67.2%,1.2,1.09,8110,33.8%,7557,1.07,75.9,1.5,425,11070,0.73,0.1,0.68,0.07,0.08
iM,69.8%,1.17,1.11,15214,48.7%,14387,1.06,82.2,3.7,768,20592,0.74,0.13,0.7,0.09,0.09
Sobol,70.7%,1.06,1.09,15166,52.1%,14052,1.08,77.9,4.2,785,21220,0.71,0.13,0.66,0.08,0.08
JW,67.6%,1.16,1.05,37544,36.6%,35005,1.07,76.2,4.0,1955,51388,0.73,0.14,0.68,0.08,0.08
ISSAA,72.1%,1.06,1.05,16229,55.5%,14827,1.09,75.7,3.6,870,22834,0.71,0.12,0.65,0.1,0.11
bottle,71.1%,1.11,1.05,14489,56.8%,13618,1.06,79.5,3.6,768,19801,0.73,0.14,0.69,0.1,0.1
rallen,71.3%,1.12,1.05,33670,43.0%,30677,1.1,82.0,7.4,1751,46759,0.72,0.16,0.66,0.09,0.09
Rainwaker,72.4%,1.05,1.1,21206,42.3%,19252,1.1,77.1,4.5,1127,30404,0.7,0.13,0.63,0.08,0.1
nexa,73.2%,1.02,1.05,23191,51.0%,21037,1.1,76.5,4.4,1253,33161,0.7,0.13,0.63,0.1,0.11
SLOWLY,71.6%,1.14,1.11,10379,59.3%,9750,1.06,79.0,2.9,540,14298,0.73,0.13,0.68,0.1,0.1
remix,69.8%,1.1,1.08,7329,27.3%,6772,1.08,71.9,2.0,386,10284,0.71,0.09,0.66,0.09,0.1
Gratisfaction,70.8%,1.14,1.05,16191,31.9%,14502,1.12,73.2,3.3,897,23347,0.69,0.12,0.62,0.1,0.1
shalfey,71.0%,1.09,1.11,7371,46.8%,6597,1.12,77.1,3.6,388,10425,0.71,0.12,0.63,0.08,0.09
malbsMd,68.9%,1.2,1.1,10305,62.9%,9931,1.04,80.3,4.9,537,13737,0.75,0.12,0.72,0.11,0.11
suNny,70.0%,1.14,1.06,25493,47.4%,23890,1.07,80.7,4.9,1313,34614,0.74,0.14,0.69,0.09,0.09
olofmeister,69.3%,1.01,1.06,29037,46.6%,26340,1.1,72.8,4.4,1559,40766,0.71,0.13,0.65,0.09,0.08
TOR,68.9%,1.14,1.06,8271,28.9%,7614,1.09,77.0,2.9,452,11472,0.72,0.12,0.66,0.08,0.09
tucks,71.2%,1.11,1.06,12952,43.9%,11725,1.1,76.0,4.1,718,18208,0.71,0.13,0.64,0.09,0.09
koosta,69.5%,1.12,1.06,18522,37.3%,17181,1.08,76.1,3.6,977,25766,0.72,0.12,0.67,0.09,0.1
Valiance,72.4%,1.04,1.1,11789,51.5%,10705,1.1,75.5,3.6,651,16853,0.7,0.13,0.64,0.1,0.11
Maka,69.9%,1.15,1.1,22548,35.8%,20403,1.11,74.7,4.6,1199,31846,0.71,0.11,0.64,0.09,0.08
pancc,70.3%,1.15,1.11,11087,53.6%,10300,1.08,79.9,5.2,581,15327,0.72,0.14,0.67,0.09,0.1
Skadoodle,73.1%,0.95,1.06,18365,24.8%,15907,1.15,67.5,2.7,1047,27129,0.68,0.11,0.59,0.09,0.09
COLDYY1,71.5%,1.07,1.06,17902,55.1%,16184,1.11,77.5,3.9,947,24917,0.72,0.13,0.65,0.09,0.11
b4rtiN,72.9%,1.06,1.1,10108,55.1%,9163,1.1,74.7,3.6,544,14251,0.71,0.12,0.64,0.1,0.11
acoR,69.9%,1.1,1.06,19475,38.1%,17493,1.11,73.2,3.7,1057,27637,0.7,0.1,0.63,0.09,0.1
Happy,67.8%,1.0,1.06,28022,41.2%,25277,1.11,77.5,2.7,1464,37933,0.74,0.12,0.67,0.06,0.07
flying,70.7%,1.08,1.09,7967,50.7%,7405,1.08,79.3,3.7,404,10799,0.74,0.12,0.69,0.09,0.1
NikkeZ,69.8%,1.15,1.06,7865,46.5%,7317,1.07,82.6,4.4,410,10558,0.74,0.15,0.69,0.09,0.1
SHiPZ,70.4%,1.15,1.11,33417,50.0%,31190,1.07,79.5,3.7,1695,45194,0.74,0.13,0.69,0.1,0.1
flameZ,71.4%,1.17,1.12,7461,53.0%,6945,1.07,79.6,6.0,387,10352,0.72,0.14,0.67,0.11,0.11
Ethan,72.1%,1.18,1.14,18853,49.4%,17365,1.09,81.4,4.3,986,25998,0.73,0.15,0.67,0.11,0.11
AnJ,71.7%,1.09,1.06,7530,50.7%,6767,1.11,77.2,3.8,403,10503,0.72,0.12,0.64,0.09,0.12
ofnu,71.4%,1.11,1.06,15793,48.9%,14413,1.1,79.7,5.2,852,21778,0.73,0.15,0.66,0.1,0.1
fame,70.7%,1.14,1.11,10046,57.7%,9168,1.1,77.9,3.3,518,13818,0.73,0.11,0.66,0.09,0.11
zhokiNg,72.7%,1.28,1.06,23446,51.0%,21956,1.07,83.9,3.8,1219,31137,0.75,0.17,0.71,0.12,0.1
hardzao,73.2%,1.05,1.11,12915,47.0%,11407,1.13,75.2,4.6,702,18441,0.7,0.12,0.62,0.1,0.1
b1t,72.2%,1.12,1.12,8439,68.0%,7547,1.12,76.3,4.5,452,11972,0.7,0.11,0.63,0.09,0.1
chelo,71.9%,1.15,1.06,16972,60.7%,15532,1.09,78.0,3.6,915,23714,0.72,0.13,0.65,0.1,0.1
snatchie,68.7%,1.15,1.06,30207,29.3%,27738,1.09,72.6,1.6,1557,41766,0.72,0.09,0.66,0.08,0.09
FalleN,71.7%,1.08,1.06,28701,30.8%,25025,1.15,71.7,3.5,1583,41454,0.69,0.11,0.6,0.08,0.08
dycha,70.4%,1.16,1.12,15852,53.6%,14609,1.09,81.2,4.7,813,21781,0.73,0.14,0.67,0.09,0.09
roeJ,71.6%,1.22,1.15,17651,55.3%,16225,1.09,83.5,4.3,896,23667,0.75,0.15,0.69,0.11,0.11
DD,72.8%,1.13,1.07,17368,41.9%,15847,1.1,81.5,3.1,913,23620,0.74,0.16,0.67,0.11,0.1
Brollan,70.6%,1.18,1.12,19311,52.5%,17799,1.08,79.0,4.8,1000,26548,0.73,0.13,0.67,0.09,0.1
HObbit,71.4%,1.13,1.07,22601,46.6%,20378,1.11,80.0,5.6,1184,31223,0.72,0.14,0.65,0.08,0.08
shz,71.7%,1.05,1.1,14923,51.1%,13456,1.11,77.2,3.2,801,20777,0.72,0.13,0.65,0.1,0.11
boltz,72.2%,1.09,1.07,24204,39.3%,21578,1.12,81.8,8.8,1304,33995,0.71,0.17,0.63,0.08,0.09
Pimp,70.8%,1.05,1.07,18116,46.6%,16100,1.13,78.3,3.9,976,25052,0.72,0.14,0.64,0.1,0.11
shroud,71.5%,1.04,1.07,12588,52.9%,11277,1.12,76.1,3.9,676,17460,0.72,0.14,0.65,0.09,0.11
somebody,71.6%,1.16,1.07,23702,45.8%,21561,1.1,79.9,3.5,1253,32437,0.73,0.13,0.66,0.1,0.09
QKA,69.5%,1.16,1.1,7690,40.4%,6988,1.1,75.8,1.6,402,10409,0.74,0.1,0.67,0.08,0.09
WorldEdit,69.0%,1.15,1.07,25226,28.0%,22750,1.11,75.0,2.6,1328,34716,0.73,0.12,0.66,0.08,0.08
trk,73.7%,1.11,1.14,15742,48.2%,14243,1.11,79.5,4.9,828,21690,0.73,0.15,0.66,0.12,0.13
NikoM,72.2%,1.08,1.07,9031,46.5%,8174,1.1,79.8,4.5,483,12391,0.73,0.14,0.66,0.1,0.11
EspiranTo,70.3%,1.16,1.11,16973,59.9%,15656,1.08,77.3,3.2,870,22795,0.74,0.11,0.69,0.1,0.1
InfrequeNt,70.2%,1.18,1.07,8937,33.8%,8017,1.11,76.2,4.2,479,12350,0.72,0.12,0.65,0.09,0.1
fejtZ,72.0%,1.09,1.07,14831,46.2%,13489,1.1,77.0,3.6,759,20147,0.74,0.13,0.67,0.1,0.13
CRUC1AL,70.0%,1.15,1.07,27809,29.0%,25011,1.11,73.7,2.6,1472,38605,0.72,0.1,0.65,0.1,0.11
paz,71.5%,1.08,1.07,20217,51.2%,18219,1.11,76.2,2.4,1068,27990,0.72,0.12,0.65,0.1,0.1
xand,71.7%,1.12,1.07,9681,50.2%,8806,1.1,80.4,4.7,515,13210,0.73,0.14,0.67,0.1,0.1
anarkez,69.5%,1.17,1.11,13825,30.8%,12418,1.11,73.2,2.3,717,19194,0.72,0.09,0.65,0.09,0.08
broky,72.5%,1.01,1.1,13169,38.2%,11492,1.15,72.9,3.6,707,18862,0.7,0.1,0.61,0.1,0.11
hallzerk,69.9%,1.15,1.1,14681,34.1%,13276,1.11,74.0,3.1,746,20275,0.72,0.09,0.65,0.1,0.11
slaxz-,71.0%,1.13,1.11,17785,29.5%,15661,1.14,72.6,3.2,933,25269,0.7,0.1,0.62,0.09,0.09
shox,69.5%,1.09,1.07,38675,48.8%,34914,1.11,75.4,3.0,2018,52913,0.73,0.12,0.66,0.08,0.08
smike,67.0%,1.24,1.07,9299,33.1%,8644,1.08,75.6,1.4,480,12461,0.75,0.1,0.69,0.09,0.08
Liazz,73.7%,1.07,1.07,17667,45.9%,15597,1.13,78.3,4.6,978,25217,0.7,0.15,0.62,0.1,0.11
jks,72.1%,1.05,1.07,21807,52.9%,19460,1.12,77.7,5.4,1183,30912,0.71,0.13,0.63,0.09,0.11
autimatic,71.5%,1.12,1.07,22601,44.3%,20356,1.11,79.4,3.9,1166,30439,0.74,0.13,0.67,0.1,0.1
iDISBALANCE,71.8%,1.13,1.13,16525,27.0%,14435,1.14,74.1,2.5,871,23106,0.72,0.1,0.62,0.09,0.09
junior,71.2%,1.07,1.1,8904,29.4%,7642,1.17,70.7,2.2,485,12690,0.7,0.09,0.6,0.08,0.1
meyern,71.2%,1.11,1.11,8207,54.2%,7484,1.1,76.7,3.5,433,11291,0.73,0.11,0.66,0.1,0.13
YEKINDAR,68.7%,1.29,1.14,21871,59.1%,20413,1.07,82.7,3.9,1101,29304,0.75,0.13,0.7,0.09,0.09
Impulse,71.1%,1.11,1.11,14729,35.4%,13147,1.12,75.6,3.6,772,20511,0.72,0.11,0.64,0.1,0.11
NaToSaphiX,72.5%,1.06,1.07,17805,36.8%,15366,1.16,71.9,3.2,948,25338,0.7,0.1,0.61,0.09,0.1
dapr,71.3%,1.16,1.13,11313,44.1%,10311,1.1,80.8,6.4,594,15426,0.73,0.15,0.67,0.1,0.11
ptr,71.4%,1.11,1.07,20902,26.0%,18205,1.15,73.3,3.4,1132,29624,0.71,0.11,0.61,0.09,0.1
nicoodoz,70.8%,1.06,1.1,13844,31.6%,12020,1.15,71.7,3.2,727,19522,0.71,0.08,0.62,0.09,0.1
Rickeh,72.7%,1.13,1.07,17780,37.7%,15403,1.15,77.3,5.2,959,25111,0.71,0.13,0.61,0.08,0.09
hAdji,72.3%,1.11,1.08,22302,49.0%,19994,1.12,80.0,4.1,1152,30382,0.73,0.13,0.66,0.1,0.12
FL1T,72.2%,1.07,1.13,24608,46.8%,21806,1.13,80.3,4.3,1249,33673,0.73,0.13,0.65,0.09,0.11
Ryxxo,71.5%,1.12,1.08,15855,33.1%,13957,1.14,76.1,6.3,841,22116,0.72,0.12,0.63,0.09,0.1
MICHU,70.5%,1.15,1.08,33874,50.7%,30809,1.1,80.2,3.8,1732,45397,0.75,0.13,0.68,0.09,0.1
jayzaR,69.9%,1.21,1.08,10437,36.4%,9487,1.1,79.0,3.5,528,13954,0.75,0.12,0.68,0.09,0.1
Hatz,73.1%,1.14,1.14,17302,50.9%,15301,1.13,77.5,5.1,947,24099,0.72,0.14,0.63,0.1,0.1
Summer,72.8%,1.1,1.08,23807,48.9%,21025,1.13,79.8,5.5,1268,32666,0.73,0.14,0.64,0.09,0.09
exit,74.0%,1.0,1.12,13416,45.1%,11515,1.17,76.8,4.8,739,19050,0.7,0.13,0.6,0.09,0.12
ShahZaM,70.0%,1.16,1.08,18509,34.0%,16451,1.13,74.8,2.4,966,25252,0.73,0.1,0.65,0.09,0.1
draken,70.1%,1.17,1.08,20842,31.0%,18189,1.15,74.6,2.1,1095,28895,0.72,0.1,0.63,0.08,0.08
felps,70.4%,1.26,1.08,19490,43.9%,17889,1.09,84.6,3.5,998,25554,0.76,0.16,0.7,0.1,0.09
sergej,72.3%,1.12,1.13,14855,48.2%,13039,1.14,79.3,4.0,776,20425,0.73,0.14,0.64,0.1,0.11
keev,68.0%,1.21,1.08,11408,29.1%,10191,1.12,73.6,2.8,594,15524,0.73,0.09,0.66,0.08,0.08
Magisk,72.7%,1.12,1.08,26714,47.6%,23482,1.14,79.7,5.8,1411,37134,0.72,0.15,0.63,0.09,0.1
pz,70.7%,1.16,1.12,8138,29.3%,7157,1.14,75.8,5.4,435,11352,0.72,0.12,0.63,0.09,0.09
Machinegun,68.6%,1.19,1.08,8352,50.3%,7676,1.09,81.4,3.2,431,10994,0.76,0.13,0.7,0.08,0.09
Detrony,71.2%,1.17,1.08,7633,34.7%,6771,1.13,77.4,4.4,412,10449,0.73,0.13,0.65,0.1,0.09
DJOXiC,70.6%,1.16,1.08,9002,29.8%,7798,1.15,73.0,2.9,489,12531,0.72,0.1,0.62,0.09,0.1
Attacker,73.1%,1.12,1.08,24187,46.4%,21526,1.12,79.3,2.3,1261,32444,0.75,0.14,0.66,0.11,0.11
Savage,71.2%,1.15,1.08,15647,37.0%,13721,1.14,78.2,5.5,836,21434,0.73,0.13,0.64,0.09,0.09
dupreeh,71.6%,1.13,1.08,37250,50.5%,32885,1.13,77.2,3.2,1953,50862,0.73,0.14,0.65,0.09,0.09
dexter,71.2%,1.19,1.08,19093,48.7%,17154,1.11,80.9,5.2,1003,25827,0.74,0.14,0.66,0.09,0.1
k0nfig,69.7%,1.2,1.08,30996,55.8%,28503,1.09,81.0,2.9,1557,41195,0.75,0.13,0.69,0.09,0.1
JOTA,73.0%,1.14,1.15,8183,41.6%,7194,1.14,82.2,6.2,430,11228,0.73,0.16,0.64,0.09,0.1
fer,71.2%,1.22,1.08,28173,45.0%,25379,1.11,82.9,5.0,1436,37508,0.75,0.15,0.68,0.09,0.08
mezii,73.3%,1.08,1.14,10146,49.7%,8912,1.14,80.3,5.4,519,14054,0.72,0.14,0.63,0.09,0.12
Farlig,70.1%,1.12,1.1,13956,33.5%,12162,1.15,71.8,2.4,726,19370,0.72,0.09,0.63,0.08,0.1
faveN,72.2%,1.13,1.13,26565,54.2%,23485,1.13,78.5,3.3,1348,36024,0.74,0.12,0.65,0.1,0.12
nukkye,71.4%,1.11,1.12,11227,39.2%,9897,1.13,78.3,2.6,592,15492,0.72,0.12,0.64,0.08,0.09
hazr,71.5%,1.19,1.14,14906,56.0%,13597,1.1,81.2,4.4,781,19949,0.75,0.14,0.68,0.11,0.11
valde,72.5%,1.1,1.09,24018,46.8%,21192,1.13,80.0,4.9,1230,32676,0.74,0.13,0.65,0.1,0.1
cynic,73.1%,1.08,1.14,12994,40.2%,11388,1.14,80.6,5.5,676,17560,0.74,0.14,0.65,0.1,0.11
nex,72.2%,1.04,1.09,21063,51.5%,18628,1.13,78.8,4.7,1074,28389,0.74,0.15,0.66,0.1,0.12
floppy,73.2%,1.14,1.15,15806,49.4%,14141,1.12,81.3,3.2,813,21349,0.74,0.14,0.66,0.11,0.14
EliGE,71.2%,1.25,1.09,31916,48.8%,28864,1.11,83.7,4.1,1611,42233,0.76,0.16,0.68,0.1,0.12
dennyslaw,70.9%,1.14,1.12,23081,31.4%,20130,1.15,74.9,2.9,1173,31580,0.73,0.1,0.64,0.08,0.1
hades,70.7%,1.11,1.11,11782,29.8%,10081,1.17,73.9,2.3,602,16157,0.73,0.09,0.62,0.07,0.08
ScreaM,71.1%,1.11,1.09,27501,68.1%,24396,1.13,79.1,3.3,1430,37087,0.74,0.12,0.66,0.1,0.11
ZOREE,70.7%,1.11,1.09,31855,32.3%,27425,1.16,73.7,3.7,1661,44157,0.72,0.1,0.62,0.08,0.1
BL1TZ,69.2%,1.15,1.1,13957,43.0%,12329,1.13,75.2,2.4,732,18819,0.74,0.1,0.66,0.08,0.09
NAF,73.3%,1.1,1.09,30031,41.8%,26002,1.15,81.4,5.8,1572,41281,0.73,0.15,0.63,0.1,0.11
ryx,72.7%,1.11,1.09,9797,36.3%,8616,1.14,83.7,3.6,491,12856,0.76,0.16,0.67,0.09,0.12
zehN,71.6%,1.1,1.09,20665,46.0%,18281,1.13,80.3,7.7,1073,28305,0.73,0.14,0.65,0.08,0.09
Sonic,72.4%,1.14,1.09,17758,46.6%,15541,1.14,78.5,4.3,940,24238,0.73,0.13,0.64,0.11,0.12
gas,69.2%,1.18,1.12,9294,60.1%,8558,1.09,82.3,2.3,457,11946,0.78,0.12,0.72,0.09,0.12
Calyx,72.6%,1.08,1.09,21198,57.0%,18350,1.16,77.4,3.6,1113,29124,0.73,0.12,0.63,0.09,0.1
Cooper,71.2%,1.13,1.12,14703,32.4%,12697,1.16,74.0,2.2,771,19991,0.74,0.09,0.64,0.09,0.1
lollipop21k,72.1%,1.12,1.14,23585,49.2%,21089,1.12,82.0,3.7,1172,31354,0.75,0.13,0.67,0.09,0.1
biguzera,73.2%,1.14,1.16,12001,51.2%,10404,1.15,80.6,5.4,622,16530,0.73,0.15,0.63,0.1,0.11
JUGi,72.0%,1.13,1.09,17527,27.8%,14851,1.18,74.1,2.4,940,24427,0.72,0.1,0.61,0.08,0.1
GeT_RiGhT,68.9%,1.03,1.09,33271,49.3%,28973,1.15,76.6,4.4,1745,45030,0.74,0.15,0.64,0.09,0.08
PwnAlone,71.8%,1.17,1.14,17266,31.7%,15016,1.15,76.1,3.4,911,23740,0.73,0.12,0.63,0.1,0.1
syrsoN,70.0%,1.2,1.09,33692,29.4%,29045,1.16,74.3,2.5,1735,46095,0.73,0.1,0.63,0.08,0.09
Spinx,71.0%,1.12,1.13,8661,56.2%,7619,1.14,78.7,3.4,442,11732,0.74,0.11,0.65,0.08,0.1
electroNic,71.8%,1.19,1.09,25776,50.4%,22679,1.14,83.0,4.6,1311,34571,0.75,0.14,0.66,0.09,0.1
allu,69.9%,1.12,1.09,31366,28.6%,27037,1.16,74.9,3.6,1615,42334,0.74,0.11,0.64,0.08,0.09
mixwell,71.2%,1.22,1.09,16275,38.1%,14364,1.13,79.5,5.7,840,21804,0.75,0.13,0.66,0.1,0.1
xccurate,71.1%,1.14,1.09,13334,31.2%,11610,1.15,74.2,1.9,698,18113,0.74,0.1,0.64,0.1,0.1
moose,71.5%,1.12,1.14,14503,44.1%,12528,1.16,79.2,2.0,752,19559,0.74,0.12,0.64,0.08,0.09
aliStair,71.3%,1.21,1.14,19564,35.1%,16750,1.17,76.0,3.4,1057,26844,0.73,0.12,0.62,0.09,0.09
nython,71.5%,1.16,1.14,10480,37.6%,9064,1.16,76.7,2.3,524,13953,0.75,0.11,0.65,0.09,0.1
Ax1Le,72.4%,1.15,1.16,18478,48.6%,15914,1.16,80.4,5.2,957,25369,0.73,0.14,0.63,0.09,0.09
ekul,68.6%,1.28,1.14,8895,36.6%,7909,1.12,80.0,2.9,452,11703,0.76,0.11,0.68,0.08,0.09
HEN1,73.0%,1.09,1.1,20188,28.8%,16640,1.21,74.8,3.8,1101,28598,0.71,0.12,0.58,0.08,0.09
swag,72.9%,1.09,1.1,10527,49.5%,8898,1.18,77.6,4.7,556,14447,0.73,0.14,0.62,0.08,0.09
mir,71.8%,1.19,1.1,20023,52.1%,17389,1.15,81.3,4.9,1009,26433,0.76,0.13,0.66,0.1,0.12
WARDELL,70.9%,1.19,1.13,11627,27.2%,9979,1.17,74.2,2.1,609,15901,0.73,0.1,0.63,0.09,0.1
mertz,70.4%,1.22,1.1,19077,32.5%,16483,1.16,77.4,2.4,955,25333,0.75,0.1,0.65,0.1,0.1
dumau,72.8%,1.14,1.16,9294,41.6%,7852,1.18,80.2,4.7,473,12553,0.74,0.13,0.63,0.08,0.11
poizon,70.6%,1.2,1.14,21485,33.6%,18630,1.15,78.0,3.8,1101,29160,0.74,0.12,0.64,0.09,0.1
nawwk,71.7%,1.09,1.12,17474,35.3%,14656,1.19,73.4,2.8,891,23778,0.73,0.09,0.62,0.09,0.11
h4rn,72.2%,1.12,1.14,10863,28.6%,9076,1.2,74.1,3.3,563,15021,0.72,0.1,0.6,0.09,0.09
Olivia,70.6%,1.19,1.13,12279,37.0%,10714,1.15,78.5,2.4,634,16189,0.76,0.11,0.66,0.08,0.09
f0rest,70.5%,1.07,1.1,40979,51.9%,35331,1.16,76.3,3.7,2089,54327,0.75,0.12,0.65,0.09,0.1
CeRq,72.2%,1.16,1.14,22812,27.9%,19387,1.18,74.2,2.4,1199,31114,0.73,0.1,0.62,0.1,0.11
Infinite,72.7%,1.18,1.16,16071,50.8%,14047,1.14,81.2,4.9,827,21545,0.75,0.14,0.65,0.1,0.11
TenZ,71.5%,1.21,1.15,7931,51.3%,7092,1.12,82.4,3.2,401,10399,0.76,0.14,0.68,0.1,0.12
Brehze,71.9%,1.15,1.1,23029,52.4%,20248,1.14,80.5,2.5,1164,30296,0.76,0.12,0.67,0.1,0.12
NEOFRAG,71.5%,1.25,1.18,13707,49.0%,12172,1.13,86.2,8.5,676,18080,0.76,0.16,0.67,0.09,0.12
FREDDyFROG,73.4%,1.13,1.11,23743,40.3%,20127,1.18,80.4,3.9,1207,32156,0.74,0.14,0.63,0.09,0.11
dgt,73.8%,1.07,1.15,8165,49.3%,6806,1.2,77.8,3.5,419,11095,0.74,0.12,0.61,0.09,0.12
ottoNd,71.5%,1.17,1.15,16712,26.9%,14070,1.19,76.2,3.3,855,22591,0.74,0.1,0.62,0.09,0.11
oSee,73.1%,1.14,1.15,21253,31.7%,17852,1.19,76.6,2.9,1100,28597,0.74,0.11,0.62,0.11,0.12
zorte,72.3%,1.15,1.15,14514,36.6%,12069,1.2,74.3,2.7,746,19920,0.73,0.09,0.61,0.09,0.11
GuardiaN,69.8%,1.09,1.11,30535,29.6%,25774,1.18,71.8,2.8,1578,41357,0.74,0.11,0.62,0.08,0.09
splashske,70.2%,1.25,1.11,14145,38.4%,12334,1.15,78.5,3.5,722,18651,0.76,0.11,0.66,0.09,0.09
Twistzz,73.8%,1.08,1.11,26662,62.3%,22655,1.18,76.9,3.4,1387,36436,0.73,0.11,0.62,0.1,0.12
xsepower,71.2%,1.19,1.15,24421,24.9%,19784,1.23,72.5,2.2,1264,33946,0.72,0.08,0.58,0.07,0.08
PTC,71.2%,1.19,1.14,9304,36.1%,7896,1.18,76.9,2.0,476,12393,0.75,0.1,0.64,0.08,0.09
dream3r,73.2%,1.05,1.11,24903,49.7%,20679,1.2,77.0,3.2,1283,33620,0.74,0.12,0.62,0.08,0.11
wrath,72.2%,1.21,1.12,10634,50.1%,9395,1.13,83.9,3.5,525,13568,0.78,0.14,0.69,0.11,0.14
Jamppi,69.8%,1.28,1.15,10302,31.8%,8894,1.16,78.2,2.8,503,13449,0.77,0.1,0.66,0.08,0.09
ropz,72.5%,1.1,1.15,22358,51.7%,18583,1.2,78.6,2.4,1142,30212,0.74,0.11,0.62,0.07,0.09
kNgV-,70.1%,1.22,1.12,16548,32.7%,14142,1.17,78.5,2.1,827,21606,0.77,0.1,0.65,0.08,0.09
INS,72.2%,1.25,1.19,18179,42.5%,15568,1.17,85.6,8.5,946,23988,0.76,0.17,0.65,0.1,0.09
liTTle,71.4%,1.22,1.12,9317,27.7%,7766,1.2,78.5,2.6,457,12154,0.77,0.1,0.64,0.07,0.09
woxic,71.4%,1.17,1.12,22815,32.1%,18947,1.2,76.4,2.4,1178,30952,0.74,0.11,0.61,0.08,0.1
yuurih,73.2%,1.15,1.18,20149,44.3%,16995,1.19,84.2,5.0,1022,26677,0.76,0.15,0.64,0.09,0.11
chelleos,69.5%,1.39,1.2,11270,32.0%,9818,1.15,84.2,4.1,560,14454,0.78,0.13,0.68,0.1,0.09
vsm,71.7%,1.25,1.18,10883,47.0%,9398,1.16,83.6,3.1,533,14130,0.77,0.13,0.67,0.09,0.1
erkaSt,72.2%,1.2,1.18,17206,50.2%,14702,1.17,83.4,5.0,859,22286,0.77,0.15,0.66,0.09,0.09
frozen,72.8%,1.18,1.12,24084,54.6%,20524,1.17,82.9,5.1,1215,31789,0.76,0.13,0.65,0.09,0.11
huNter-,72.1%,1.23,1.12,30144,49.4%,25923,1.16,84.8,5.5,1474,38947,0.77,0.14,0.67,0.1,0.11
mantuu,72.8%,1.16,1.16,13904,35.7%,11530,1.21,76.7,3.4,696,18646,0.75,0.11,0.62,0.09,0.12
Freeman,72.9%,1.16,1.16,14822,49.1%,12566,1.18,80.6,2.9,764,19509,0.76,0.13,0.64,0.09,0.11
mhL,70.9%,1.22,1.17,10132,28.5%,8416,1.2,79.9,3.8,493,13259,0.76,0.12,0.63,0.1,0.11
kennyS,70.7%,1.12,1.13,37067,31.2%,30736,1.21,74.7,3.4,1852,48898,0.76,0.11,0.63,0.09,0.11
El1an,70.5%,1.22,1.17,26017,27.1%,21233,1.23,78.2,2.7,1298,34613,0.75,0.11,0.61,0.07,0.08
oskar,70.4%,1.21,1.13,29371,30.5%,24509,1.2,78.2,3.4,1460,38504,0.76,0.1,0.64,0.07,0.08
XELLOW,70.8%,1.26,1.13,22423,40.4%,19052,1.18,80.0,1.8,1097,28850,0.78,0.11,0.66,0.09,0.11
Jame,73.8%,1.12,1.17,22608,25.2%,17316,1.31,73.0,3.9,1189,31521,0.72,0.09,0.55,0.07,0.09
Texta,73.3%,1.29,1.21,12510,40.3%,10760,1.16,87.1,3.6,625,15713,0.8,0.18,0.68,0.1,0.13
Benkai,71.7%,1.25,1.14,12164,46.7%,10118,1.2,85.4,4.2,603,15560,0.78,0.14,0.65,0.07,0.1
KSCERATO,75.0%,1.09,1.18,17821,49.4%,14059,1.27,79.2,5.4,930,24208,0.74,0.13,0.58,0.08,0.1
Sico,74.0%,1.17,1.15,17188,35.4%,13437,1.28,79.1,6.9,902,22858,0.75,0.14,0.59,0.09,0.1
coldzera,73.4%,1.09,1.15,28576,49.4%,22946,1.25,79.2,2.4,1426,37264,0.77,0.11,0.62,0.08,0.1
sh1ro,76.3%,1.21,1.26,18091,27.8%,12492,1.45,78.6,3.9,884,23451,0.77,0.11,0.53,0.08,0.11
s1mple,74.2%,1.37,1.25,35354,41.3%,26279,1.35,86.5,2.4,1564,41283,0.86,0.1,0.64,0.08,0.11
